Workbook

Sheet 首页索引
A1: 系统名称 | B1: 感谢豆油们提供的部分资料支持 | M1: 中秋祝福
A2: 日常综合 | B2: 侠士综合 | C2: 门派心法 | D2: 武器专精 | E2: 全民乱斗 | F2: 斗技场景 | G2: 助阵天书 | H2: 助阵算术 | I2: 天象洗髓 | J2: 元婴仙化 | K2: 角色经验 | L2: x | M2: x
B3: 佣兵综合 | C3: 门派武技 | D3: 武器封印 | E3: 飞升化境 | F3: 上古神魔 | G3: 助阵洛书 | H3: 附魔上页 | I3: 奇树灵鉴 | J3: 多种系统 | K3: 发展历程 | L3: x | M3: x
B4: 神将综合 | C4: 神装神技 | D4: 武器铭刻 | E4: 仙武修真 | F4: 匠心功艺 | G4: 助阵八卦 | H4: 附魔下页 | I4: 龙凰之境 | J4: 徽章成就 | K4: 补充拓展 | L4: x | M4: x
B5: 武器综合 | C5: 奥义奥技 | D5: 槽位符石 | E5: 名册宝鉴 | F5: 灵枢精魄 | G5: 助阵内经 | H5: 器魂绘卷 | I5: 元武职业 | J5: 经脉内力 | K5: x | L5: x | M5: x
A6: 蓝字处均可点击快速跳转详表。详表根据表内红字祝福类型自动读取相应数值计算，详表内黄色填充为待补充或待确认内容。
A7: 循环活动 | B7: 2026/6/18 | C7: 2026/6/25 | D7: 2026/7/2 | E7: 2026/7/9 | F7: 2026/7/16 | G7: 2026/7/23 | H7: 2026/7/30 | I7: 2026/8/6 | J7: 2026/8/13 | K7: 2026/8/20 | L7: 2026/8/27 | M7: 2026/9/3
A8: 每2周 | B8: 魂珠三折 | C8: 五行祝福 | D8: 魂珠三折 | E8: 五行祝福 | F8: 魂珠三折 | G8: 五行祝福 | H8: 魂珠三折 | I8: 五行祝福 | J8: 魂珠三折 | K8: 五行祝福 | L8: 魂珠三折 | M8: 五行祝福
B9: x | C9: 传功祝福 | D9: x | E9: 传功祝福 | F9: x | G9: 传功祝福 | H9: x | I9: 传功祝福 | J9: x | K9: 传功祝福 | L9: x | M9: 传功祝福
A10: 每3周 | B10: 铭刻祝福 | C10: 神装祝福 | D10: 门派祝福 | E10: 铭刻祝福 | F10: 神装祝福 | G10: 门派祝福 | H10: 铭刻祝福 | I10: 神装祝福 | J10: 门派祝福 | K10: 铭刻祝福 | L10: 神装祝福 | M10: 门派祝福
B11: 助阵祝福 | C11: 斗技祝福 | D11: 奥义祝福 | E11: 助阵祝福 | F11: 斗技祝福 | G11: 奥义祝福 | H11: 助阵祝福 | I11: 斗技祝福 | J11: 奥义祝福 | K11: 助阵祝福 | L11: 斗技祝福 | M11: 奥义祝福
B12: 兵法祝福 | C12: 槽位祝福 | D12: 专精祝福 | E12: 兵法祝福 | F12: 槽位祝福 | G12: 专精祝福 | H12: 兵法祝福 | I12: 槽位祝福 | J12: 专精祝福 | K12: 兵法祝福 | L12: 槽位祝福 | M12: 专精祝福
B13: 强化祝福 | C13: 仙化祝福 | D13: 神魔祝福 | E13: 强化祝福 | F13: 仙化祝福 | G13: 神魔祝福 | H13: 强化祝福 | I13: 仙化祝福 | J13: 神魔祝福 | K13: 强化祝福 | L13: 仙化祝福 | M13: 神魔祝福
B14: 福缘仙树 | C14: 徽章祝福 | D14: 神魔转盘 | E14: 福缘仙树 | F14: 徽章祝福 | G14: 神魔转盘 | H14: 福缘仙树 | I14: 徽章祝福 | J14: 神魔转盘 | K14: 福缘仙树 | L14: 徽章祝福 | M14: 神魔转盘
B15: 深渊秘宝 | C15: 佣兵夺宝 | D15: 黄金招财 | E15: 深渊秘宝 | F15: 佣兵夺宝 | G15: 黄金招财 | H15: 深渊秘宝 | I15: 佣兵夺宝 | J15: 黄金招财 | K15: 深渊秘宝 | L15: 佣兵夺宝 | M15: 黄金招财
B16: 达人六折 | C16: 佣兵宝箱 | D16: 星盘六折 | E16: 达人六折 | F16: 佣兵宝箱 | G16: 星盘六折 | H16: 达人六折 | I16: 佣兵宝箱 | J16: 星盘六折 | K16: 达人六折 | L16: 佣兵宝箱 | M16: 星盘六折
B17: 侠士商城 | C17: 花果山 | D17: 王子福袋 | E17: 侠士商城 | F17: 花果山 | G17: 王子福袋 | H17: 侠士商城 | I17: 花果山 | J17: 王子福袋 | K17: 侠士商城 | L17: 花果山 | M17: 王子福袋
B18: 幸运夺宝 | C18: x | D18: 娃娃机 | E18: 幸运夺宝 | F18: x | G18: 娃娃机 | H18: 幸运夺宝 | I18: x | J18: 娃娃机 | K18: 幸运夺宝 | L18: x | M18: 娃娃机
A19: 仙武推荐 | B19: 力量张三丰 | C19: 速度无崖子 | D19: 敏捷帝释天 | E19: 力量张三丰 | F19: 速度无崖子 | G19: 敏捷帝释天 | H19: 力量张三丰 | I19: 速度无崖子 | J19: 敏捷帝释天 | K19: 力量张三丰 | L19: 速度无崖子 | M19: 敏捷帝释天
A20: 每4周 | B20: 佣兵还童 | C20: 洗练画册 | D20: 佣兵特惠 | E20: 佣兵悟性 | F20: 佣兵还童 | G20: 洗练画册 | H20: 佣兵特惠 | I20: 佣兵悟性 | J20: 佣兵还童 | K20: 洗练画册 | L20: 佣兵特惠 | M20: 佣兵悟性
B21: 预定领取 | C21: 幸运折扣 | D21: 超值礼包 | E21: 佣兵预定 | F21: 预定领取 | G21: 幸运折扣 | H21: 超值礼包 | I21: 佣兵预定 | J21: 预定领取 | K21: 幸运折扣 | L21: 超值礼包 | M21: 佣兵预定
B22: 九宫宝库 | C22: 九宫宝库 | D22: 优惠商店 | E22: 优惠商店 | F22: 九宫宝库 | G22: 九宫宝库 | H22: 优惠商店 | I22: 优惠商店 | J22: 九宫宝库 | K22: 九宫宝库 | L22: 优惠商店 | M22: 优惠商店
B23: 符石宝箱 | C23: x | D23: 神将夺宝 | E23: 符石宝箱 | F23: 符石宝箱 | G23: x | H23: 神将夺宝 | I23: 符石宝箱 | J23: 符石宝箱 | K23: x | L23: 神将夺宝 | M23: 符石宝箱
B24: 邪神特卖9 | C24: x | D24: 邪神特卖8 | E24: x | F24: 邪神特卖9 | G24: x | H24: 邪神特卖8 | I24: x | J24: 邪神特卖9 | K24: x | L24: 邪神特卖8 | M24: x
A25: 每6周 | B25: 菜菜厨房 | C25: 豪华套餐 | D25: 登录有礼 | E25: 登录商店 | F25: 乐斗能量 | G25: 每日首兑 | H25: 菜菜厨房 | I25: 豪华套餐 | J25: 登录有礼 | K25: 登录商店 | L25: 乐斗能量 | M25: 每日首兑
B26: 幸运金蛋 | C26: 幸运转盘 | D26: 猜单双 | E26: 活跃礼包 | F26: 周周礼包 | G26: 好礼提升 | H26: 幸运金蛋 | I26: 幸运转盘 | J26: 猜单双 | K26: 活跃礼包 | L26: 周周礼包 | M26: 好礼提升
A27: 该表收纳于官方活动常规排期，会跟随官方改动而更新数据。
A28: 特殊节点 | B28: 除上表所列活动以外的其它活动（上表活动在三大节庆期间可能会临时调整周期或内容导致与表内不符）
A29: 春节 | B29: 大侠回归 | C29: 超级返利 | D29: 刮刮卡 | E29: 吉利兑 | F29: 仙武祝福 | G29: 乱斗祝福 | H29: 星盘五折 | I29: 内力三折 | J29: 问道十连 | K29: 铁匠六折 | L29: 新春boss | M29: 年兽作战
B30: 生肖古玩 | C30: 生肖年卡 | D30: 燃放烟花 | E30: 春联大赛 | F30: 新春拜年 | G30: 春节累登 | H30: 斗友召回 | I30: x | J30: x | K30: x | L30: x | M30: x
A31: 周年 | B31: 大侠回归 | C31: 超级返利 | D31: 刮刮卡 | E31: 吉利兑 | F31: 仙武祝福 | G31: 乱斗祝福 | H31: 星盘五折 | I31: 内力三折 | J31: 问道十连 | K31: 铁匠六折 | L31: 魂珠特惠 | M31: 深渊特惠
B32: 长安盛会 | C32: 周年福卡 | D32: 周年巡礼 | E32: 预热礼包 | F32: 预约抽奖 | G32: 生日祝福 | H32: 激运牌 | I32: x | J32: x | K32: x | L32: x | M32: x
A33: 中秋/国庆 | B33: 大侠回归 | C33: 超级返利 | D33: 刮刮卡 | E33: 吉利兑 | F33: 仙武祝福 | G33: 乱斗祝福 | H33: 中秋月饼 | I33: 中秋礼盒 | J33: 问道十连 | K33: x | L33: x | M33: x
A34: 其它节庆 | B34: 多倍福利 | C34: 限定武器 | D34: 限定徽章 | E34: 元宵活动 | F34: 缅怀金庸 | G34: 五一礼包 | H34: 预订礼包 | I34: 端午粽子 | J34: 同心结 | K34: 太白诗会 | L34: 点亮南瓜 | M34: 节日彩灯
B35: 五大节庆 | C35: 五大节庆 | D35: 四大节庆 | E35: 元宵节 | F35: 清明节 | G35: 劳动节 | H35: 劳动节 | I35: 端午节 | J35: 七夕节 | K35: 重阳节 | L35: 万圣节 | M35: 圣诞节
A36: 其它周期 | B36: 开学礼包 | C36: 客栈对酒 | D36: 常规返利 | E36: 消费抽奖 | F36: 斗豆商城 | G36: 优惠秘籍 | H36: 节气锦囊 | I36: 年兽福蛋 | J36: 跨年签到 | K36: 年度回忆 | L36: 迎新礼包 | M36: 大笨钟
B37: 2/6/9月 | C37: 每6周 | D37: 每5周 | E37: 伴随返利 | F37: 伴随返利 | G37: 伴随返利 | H37: 逢节气 | I37: 每年底 | J37: 每年底 | K37: 每年底 | L37: 每年底 | M37: 每年底
A38: 未定周期 最近日期 | B38: 星宫宝库 | C38: 女神药妆 | D38: 乐斗游记 | E38: 斗境探秘 | F38: 小丑魔盒 | G38: 限时副本 | H38: 微信兑换 | I38: 徽章战令 | J38: 江湖秘宝 | K38: 全服抢购 | L38: 至尊宝典 | M38: 乐斗驿站
B39: 2026/4/2 | C39: 2026/3/19 | D39: 2026/3/26 | E39: 2026/2/19 | F39: 2026/3/12 | G39: 2026/4/2 | H39: 2026/2/5 | I39: 2026/4/9 | J39: 2026/9/18 | K39: 2026/1/22 | L39: 2026/3/5 | M39: 2026/3/26
B40: 长梦刷新 | C40: 深渊刷新 | D40: 飞升结算 | E40: 招募更新 | F40: 深渊福利 | G40: 佣兵新品 | H40: x | I40: x | J40: x | K40: x | L40: x | M40: x
B41: 2026/2/12 | C41: 2026/3/12 | D41: 2026/4/10 | E41: 2026/7/16 | F41: 2026/2/12 | G41: 2026/4/9 | H41: x | I41: x | J41: x | K41: x | L41: x | M41: x
A42: 该表收纳于官方活动常规排期，会跟随官方改动而更新数据
A44: 清影 | B44: 迷失在北 | C44: 树 | D44: 在此感谢以下斗友们为本文档的完善做出贡献（按时间顺序陆续增加中，红字处为持续提供多次帮助者）
A45: 无边无际 | B45: 韵律★華季 | C45: L | D45: 印迹 | E45: 踏雪无痕 | F45: 宽面儿 | G45: 罗布路奇 | H45: 圣主 | I45: fdffxf | J45: 氵夜 | K45: i今生如梦i | L45: TLX | M45: 心安皆安
A46: 岁月无愧 | B46: 六周年 | C46: yeah星 | D46: 红叶已阑珊 | E46: 风间琉璃 | F46: swzwpyfz | G46: 重生小鸟 | H46: │Y│ | I46: 小明哥 | J46: 换个环境环保 | K46: Nothing | L46: 本心 | M46: 星若
A47: 双鱼座左 | B47: 我曾跨过山海 | C47: drfzn | D47: 走在风雨中 | E47: 哈曼赛高 | F47: 延卿 | G47: 往事如烟 | H47: 白驹过隙 | I47: 蓝天 | J47: 逸生 | K47: 影子 | L47: 霸者之王 | M47: 儿童团810
A48: 西海岸彡 | B48: 肥崽儿啊 | C48: 阿步 | D48: 小水手 | E48: 愤怒 | F48: Neyma | G48: ☆Erazer | H48: 燃情岁月 | I48: 小福星 | J48: 水水水 | K48: 梁朝伟 | L48: 天才252 | M48: 双鱼
A49: 小白 | B49: 米兰米兰米兰 | C49: 茉莉花茶 | D49: 吃蛋挞 | E49: 半塘咖啡 | F49: 央木 | G49: vav239064 | H49: 雨聆听着我 | I49: 指尖 | J49: 君莫临 | K49: ☆晓寒 | L49: 挽 | M49: 圣域☆格瓦拉
A50: 然情ing | B50: 小鸡啄米 | C50: 初拥 | D50: 勿—乱来 | E50: ☆五竹 | F50: 请等等 | G50: 一溪云 | H50: 亚麻涤 | I50: Killua | J50: 按时吃饭 | K50: 独瘾 | L50: WindHunter | M50: 筱军
A51: 轩轩 | B51: 于万里 | C51: 光怪陆离人生 | D51: 佳晨 | E51: 黄先生 | F51: 鸣人 | G51: tournesol | H51: Rancho | I51: 腐敗のξs囧 | J51: 西风的话 | K51: 林止水 | L51: 小小 | M51: Rmance
A52: HOZA | B52: 皇者、至尊 | C52: MuTou | D52: 习习习习习 | E52: 半纸离愁 | F52: Curious | G52: 万事如意 | H52: 记忆 | I52: 仓鼠宝宝 | J52: 微笑 | K52: 三哥 | L52: 丧★奥德彪 | M52: QQ
A53: 小柠檬 | B53: 三剑客
A54: 另外，还要感谢一些没有留名的斗友不知何时分享在乐斗界的零散资料，这份文档的部分基础也是他们曾经的付出。此文档暂不提供下载功能。
A55: 如有疑问、建议、指正或数据补充，可以加入文档讨论群或通过此链接填表进行反馈： | H55: https://docs.qq.com/form/page/DUHV2dUlxR2xRaFV1
A57: 待补详表 | B57: 目前所需补充内容 | I57: 群号 | J57: 群名 | L57: 备注
A58: 佣兵综合 | B58: 缺贾诩、郭嘉、山丘鹅部分天赋数据；缺部分战斗/防御佣兵的触发血量 | I58: 16407659 | J58: 难得学院云端代玩交流群 | L58: 手机电脑代玩辅助软件
A59: 武器综合 | B59: 缺三叉戟、流星锤、菜刀、长矛洗练伤害加成 | I59: 759178854 | J59: 乐斗小天使交流群③ | L59: 电脑安卓双端辅助软件
A60: 仙武修真 | B60: 缺十二品莲台+12~14及伏羲琴、昆仑镜、昊天塔、玲珑棋+9~14部分属性 | I60: 1006944932 | J60: 笔记交流群② | L60: 仅限安卓手机辅助软件
A61: 名册宝鉴 | B61: 缺威震八方、侠骨柔情9~18级部分属性 | I61: 234334127 | J61: 侠士大世界 | L61: 侠士爱好者交流群
A62: 天象洗髓 | B62: 缺天象20~29级部分属性 | I62: 459732357 | J62: Q宠大乐斗电脑官方群 | L62: 电脑论坛版主管理群
A63: 龙凰之境 | B63: 缺凰玉12~19级部分属性；缺金品阵眼4星加成和5星分解所得 | I63: 533789673 | J63: Q宠大乐斗官方交流群 | L63: 红尘管理的官方总群
I64: 495531189 | J64: 全系统数据文档讨论群 | L64: 交流本文档内容的群

Sheet 日常综合
A1: 日常综合 | B1: 锦囊宝箱 | C1: 帮派商会 | D1: 赛事奖励 | E1: 属性加成 | F1: 帮派任务 | G1: 门派任务 | H1: 日常任务 | I1: 喝汤变化 | J1: 历练首领 | K1: 镖行天下
A2: 幸运金蛋 | B2: 幸运转盘 | C2: 神魔转盘 | D2: 消费抽奖 | E2: 活跃礼包 | F2: 大笨钟 | G2: 花果山 | H2: 佣兵宝箱 | I2: 神将夺宝 | J2: 佣兵夺宝 | K2: 深渊秘宝 | L2: 达人六折
A3: 黄金招财 | B3: 福缘仙树 | C3: 王子福袋 | D3: 年兽福蛋 | E3: 江湖秘宝 | F3: 全服抢购 | G3: 多倍福利 | H3: 吉利兑 | I3: 女神药妆 | J3: 超值礼包 | K3: 徽章战令 | L3: 生肖年卡
A4: 热卖商城 | B4: 侠士商城 | C4: 佣兵特惠 | D4: 佣兵预定 | E4: 佣兵新品 | F4: 优惠秘籍 | G4: 邪神特卖 | H4: 乐斗驿站 | I4: 小丑魔盒 | J4: 开学礼包 | K4: 幸运折扣 | L4: 优惠商店
A5: 斗豆商城 | B5: 符石宝箱 | C5: 星宫宝库 | D5: 幸运夺宝 | E5: 乐斗游记 | F5: 斗境探秘 | G5: 大侠回归 | H5: 至尊宝典 | I5: 客栈对酒 | J5: 九宫宝库 | K5: 娃娃机 | L5: 刮刮卡
A6: 鹅币返利 | B6: 年兽作战 | C6: 返利排行 | D6: 微信兑换 | E6: x | F6: x | G6: x | H6: x | I6: x | J6: x | K6: x | L6: x
A8: 名称 | B8: 获取途径 | C8: 奖励池
A9: 斗技小宝箱 | B9: 黄金联赛 | C9: 随机：武魂符、战魂符、斗魂符，固定：数量合计1个
A10: 斗技中宝箱 | B10: 黄金联赛 | C10: 随机：武魂符、战魂符、斗魂符，固定：数量合计3个
A11: 斗技大宝箱 | B11: 黄金联赛 | C11: 随机：武魂符、战魂符、斗魂符，固定：数量合计5个
A12: 佣兵小宝箱 | B12: 任务派遣 | C12: 随机：令狐冲/丁春秋/丘处机/小龙女/韦小宝/扫地僧/鹤笔翁/韦一笑/赵敏碎片1
A13: 佣兵中宝箱 | B13: 任务派遣 | C13: 随机：顶级令狐冲/顶级扫地僧/顶级韦一笑/独孤求败/达摩祖师/黑山老妖碎片1
A14: 佣兵大宝箱 | B14: 任务派遣 | C14: 随机：齐天大圣/诸葛孔明/乐斗忍者/鹤仙人/豆油队长/东方不败/钢铁侠/锦鲤仙人碎片1
A15: 神将宝箱 | B15: 任务派遣 | C15: 随机：菜菜大侠/剑君大侠/帅帅大侠/熊猫潘达/金毛狮王碎片1
A16: 铭刻宝箱 | B16: 武林盟主 | C16: 随机：除奇异的画笔外任意5种，固定：数量每种5个
A17: 神装宝箱 | B17: 武林盟主 | C17: 固定：神兵原石1+软猥金丝1+凤凰羽毛1+潜能果实1+上古玉髓1+奔流气息1+神秘精华1
A18: 铜质宝箱 | B18: 每日宝箱 | C18: 固定：徽章符石3，随机：传功符5、无字天书3、巅峰之战二等勋章1(金银铜每天最多各打开10次)
A19: 银质宝箱 | B19: 每日宝箱 | C19: 固定：孙子兵法4+武穆遗书4，随机：2级幸运石2、巅峰之战一等勋章1、2级剑君/菜菜魂珠1
... A83: 每日增益 | B83: 乐斗黄历 | C83: 斗神塔掉落及每日奖励双倍、画卷材料双倍、副本经验双倍(包含画卷、十二宫)、乐斗经验双倍、历练阅历双倍、暂无
A85: 商会交易会所 | C85: 银币 | D85: 商会交易会所 | F85: 银币 | G85: 商会交易会所 | I85: 银币 | J85: 商会交易会所 | L85: 银币
A86: 小体力*10 | C86: 20 | D86: 许愿卡*1 | F86: 400 | G86: 悟性丹*10 | I86: 25 | J86: 神兵原石*5 | L86: 200
A87: 大体力/活力药*5 | C87: 25 | D87: 孟婆汤*1 | F87: 150 | G87: 悟性丹*20 | I87: 100 | J87: 软猥金丝*5 | L87: 200
A88: 真体力*5 | C88: 50 | D88: 葵花宝典*1 | F88: 50 | G88: 还童卷轴*5 | I88: 100 | J88: 凤凰羽毛*5 | L88: 200
A89: 贡献药水*5 | C89: 20 | D89: 大经验药水*1 | F89: 30 | G89: 还童天书*2 | I89: 100 | J89: 潜能果实*5 | L89: 200
A90: 神来拳套*5 | C90: 45 | D90: 贡献药水百*5 | F90: 250 | G90: 百炼钢*5 | I90: 100 | J90: 上古玉髓*5 | L90: 200
A91: 经验药水*5 | C91: 50 | D91: 神来拳套百*1 | F91: 100 | G91: 黄金卷轴*5 | I91: 100 | J91: 奔流气息*5 | L91: 200
A92: 挑战书*5 | C92: 25 | D92: 经验药水七天*5 | F92: 250 | G92: 孙子兵法*5 | I92: 100 | J92: 投掷武器符文石*5 | L92: 200
A93: 还魂丹*20 | C93: 10 | D93: 被动经验药水七天*1 | F93: 60 | G93: 无字天书*10 | I93: 100 | J93: 小型武器符文石*5 | L93: 200
A94: 寻斗符*20 | C94: 20 | D94: 巅峰之战二等勋章*2 | F94: 100 | G94: 经验木简*10 | I94: 100 | J94: 中型武器符文石*5 | L94: 200
A95: 追魂锁链*5 | C95: 25 | D95: 巅峰之战一等勋章*1 | F95: 200 | G95: 阅历羊皮卷*10 | I95: 100 | J95: 大型武器符文石*5 | L95: 200
A96: 无字天书*10 | C96: 100 | D96: 河图洛书*10 | F96: 100 | G96: 易经八卦*10 | I96: 100 | J96: 孙子兵法*5 | L96: 100
... A98: 无字天书*40 | C98: 200 | D98: 河图洛书*40 | F98: 200 | G98: 易经八卦*40 | I98: 200 | J98: 孙子兵法*20 | L98: 200
A99: 武穆遗书*5 | C99: 100 | D99: 武穆遗书*10 | F99: 200 | G99: 武穆遗书*20 | I99: 200
A100: 商会兑换商店 | C100: 银币 | D100: 商会兑换商店 | F100: 银币 | G100: 商会兑换商店 | I100: 银币 | J100: 商会兑换商店 | L100: 银币
A101: 1级日曜石*1 | C101: 228 | D101: 1级狂暴石*1 | F101: 300 | G101: 闪耀·暴风Ⅴ碎片*1 | I101: 9000 | J101: 破坏·暴风Ⅴ碎片*1 | L101: 9000
A102: 1级玛瑙石*1 | C102: 198 | D102: 1级神愈石*1 | F102: 300 | G102: 闪耀·狂风Ⅴ碎片*1 | I102: 9000 | J102: 破坏·狂风Ⅴ碎片*1 | L102: 9000
A103: 1级迅捷石*1 | C103: 198 | D103: 1级狂暴石*2 | F103: 600 | G103: 闪耀·霸风Ⅴ碎片*1 | I103: 9000 | J103: 破坏·霸风Ⅴ碎片*1 | L103: 9000
A104: 1级月光石*1 | C104: 158 | D104: 1级神愈石*2 | F104: 600 | G104: 闪耀·流风Ⅴ碎片*1 | I104: 9000 | J104: 破坏·流风Ⅴ碎片*1 | L104: 9000
A105: 1级翡翠石*1 | C105: 158 | D105: 1级狂暴石*5 | F105: 1500 | G105: 闪耀·幽月Ⅴ碎片*1 | I105: 9000 | J105: 破坏·幽月Ⅴ碎片*1 | L105: 9000
A106: 1级紫黑玉*1 | C106: 158 | D106: 1级神愈石*5 | F106: 1500 | G106: 闪耀·清月Ⅴ碎片*1 | I106: 9000 | J106: 破坏·清月Ⅴ碎片*1 | L106: 9000
A107: 2级日曜石*1 | C107: 1188 | D107: 1级狂暴石*10 | F107: 3000 | G107: 闪耀·灵月Ⅴ碎片*1 | I107: 9000 | J107: 破坏·灵月Ⅴ碎片*1 | L107: 9000
A108: 2级玛瑙石*1 | C108: 998 | D108: 1级神愈石*10 | F108: 3000 | G108: 闪耀·锦月Ⅴ碎片*1 | I108: 9000 | J108: 破坏·锦月Ⅴ碎片*1 | L108: 9000
A109: 2级迅捷石*1 | C109: 998 | D109: 2级狂暴石*1 | F109: 1500 | G109: 闪耀·雪月Ⅴ碎片*1 | I109: 9000 | J109: 破坏·雪月Ⅴ碎片*1 | L109: 9000
A110: 2级月光石*1 | C110: 800 | D110: 2级神愈石*1 | F110: 1500 | G110: 闪耀·闪光Ⅴ碎片*1 | I110: 9000 | J110: 破坏·闪光Ⅴ碎片*1 | L110: 9000
A111: 2级翡翠石*1 | C111: 800 | D111: 1级星石礼盒*1 | F111: 350 | G111: 真黄金卷轴*5 | I111: 3000 | J111: 洞悉·黑炎Ⅴ碎片*1 | L111: 9000
... A113: 时之沙*5 | C113: 800 | D113: 3级星石礼盒*1 | F113: 7500 | G113: Ⅳ级万能碎片*1 | I113: 5000 | J113: 泯灭·黑炎Ⅴ碎片*1 | L113: 9000
A115: 轮次 | B115: 成绩 | C115: 时间 | D115: 武林大会 电脑赛区 无限制区 | H115: 时间 | I115: 武林大会 手机赛区 无限制区
A116: 第 1 轮 | B116: 4096强 | C116: 02:00:00 | D116: 魂珠碎片宝箱*2 | H116: 02:00:00 | I116: 魂珠碎片宝箱*2
A117: 第 2 轮 | B117: 2048强 | C117: 03:00:00 | D117: x | H117: 03:00:00 | I117: x
A118: 第 3 轮 | B118: 1024强 | C118: 04:00:00 | D118: x | H118: 04:00:00 | I118: x
A119: 第 4 轮 | B119: 512强 | C119: 05:00:00 | D119: 魂珠碎片宝箱*2 | H119: 05:00:00 | I119: 魂珠碎片宝箱*2
A120: 第 5 轮 | B120: 256强 | C120: 06:00:00 | D120: x | H120: 06:00:00 | I120: x
A121: 第 6 轮 | B121: 128强 | C121: 07:00:00 | D121: 一等武林宝箱*1 | H121: 07:00:00 | I121: 一等武林宝箱*1
A122: 第 7 轮 | B122: 64强 | C122: 08:00:00 | D122: 一等武林宝箱*1 | H122: 08:00:00 | I122: 一等武林宝箱*1
A123: 第 8 轮 | B123: 32强 | C123: 09:00:00 | D123: 一等武林宝箱*1 | H123: 09:00:00 | I123: 一等武林宝箱*1
A124: 第 9 轮 | B124: 16强 | C124: 10:00:00 | D124: 二等武林宝箱*1 | H124: 10:00:00 | I124: 二等武林宝箱*1
A125: 第10轮 | B125: 8强 | C125: 10:40:00 | D125: 二等武林宝箱*1 | H125: 10:40:00 | I125: 二等武林宝箱*1
A126: 第11轮 | B126: 4强 | C126: 11:20:00 | D126: 三等武林宝箱*1 | H126: 11:20:00 | I126: 三等武林宝箱*1
... A145: 第14轮 | B145: 决赛 | C145: 07:30:00 | D145: 小龙女锦囊*1+杨过锦囊*1(胜)+神雕侠侣*1(胜) | H145: 20:30:00 | I145: 孙子兵法*100+镇妖塔*7(胜)
A146: 轮次 | B146: 成绩 | C146: 时间 | D146: 笑傲群侠 全赛区 | H146: 问鼎天下 | I146: 排名积分 | J146: 助威积分 | K146: 计算项目 | L146: 数量
A147: 第 1 轮 | B147: 4096强 | C147: 00:00:00 | D147: x | H147: 区16强 | I147: 400 | J147: 60 | K147: 每日胜场 | L147: 1
A148: 第 2 轮 | B148: 2048强 | C148: 01:00:00 | D148: x | H148: 区 8 强 | I148: 450 | J148: 80 | K148: 每日负场 | L148: 4
A149: 第 3 轮 | B149: 1024强 | C149: 02:00:00 | D149: 侠士手记*2 | H149: 区 4 强 | I149: 500 | J149: 100 | K149: 每日积分 | L149: =@IF((L147+L148)>5,"每日才5次",@IF(L147=0,"0",IF(L147=1,"150",IF(L147=2,"174",IF(L147=3,"198",IF(L147=4,"222","246")))))+L148*30)
A150: 第 4 轮 | B150: 512强 | C150: 03:00:00 | D150: 侠士修身录*2 | H150: 区亚军 | I150: 550 | J150: 120 | K150: 区域助威 | L150: 140
A151: 第 5 轮 | B151: 256强 | C151: 04:00:00 | D151: 侠士手记*4 | H151: 区冠军 | I151: x | J151: 140 | K151: 冠军助威 | L151: 140
A152: 第 6 轮 | B152: 128强 | C152: 05:00:00 | D152: 侠士修身录*3 | H152: 总殿军 | I152: 600 | J152: 50 | K152: 排名积分 | L152: 500
A153: 第 7 轮 | B153: 64强 | C153: 06:00:00 | D153: 侠士手记*6 | H153: 总季军 | I153: 660 | J153: 70 | K153: 计算星期 | L153: 52
A154: 第 8 轮 | B154: 32强 | C154: 07:00:00 | D154: 侠士修身录*5 | H154: 总亚军 | I154: 740 | J154: 100 | K154: 积分总计 | L154: =(L149*5+L150+L151+L152)*L153
A155: 第 9 轮 | B155: 16强 | C155: 08:00:00 | D155: 侠士手记*8 | H155: 总冠军 | I155: 840 | J155: 140 | K155: 两轮助威选傲龙
A156: 第10轮 | B156: 8强 | C156: 08:30:00 | D156: 侠士手记*8+侠士修身录*4 | H156: 黄金联赛 | I156: 奖励 | J156: 数量 | K156: 计算项目 | L156: 数量
A157: 第11轮 | B157: 4强 | C157: 09:00:00 | D157: 侠士手记*18 | H157: 单轮获胜 | I157: 随机魂符 | J157: 8 | K157: 每届胜场 | L157: 15
A158: 第12轮 | B158: 决赛 | C158: 09:30:00 | D158: 侠士手记*45+冠侠碎片*1+区冠军宝箱*1 | H158: 单轮平局 | I158: 随机魂符 | J158: 5 | K158: 每届平场 | L158: 0
A159: 第13轮 | B159: 5进4 | C159: 11:00:00 | D159: x | H159: 单轮战败 | I159: 随机魂符 | J159: 3 | K159: 每届负场 | L159: 0
A160: 第14轮 | B160: 4进2 | C160: 11:30:00 | D160: x | H160: 每届结算 | I160: 随机魂符 | J160: 20 | K160: 每年魂符 | L160: =@IF((L157+L158+L159)>15,"每轮才15场",((L157*J157+L158*J158+L159*J159)*1+J160)*16)
A161: 第15轮 | B161: 总决赛 | C161: 12:00:00 | D161: 侠士手记*48+冠侠碎片*1+隐世豪侠*1 | H161: 每届结算 | I161: 乐斗残卷 | J161: 28 | K161: 每年残卷 | L161: =J161*16
A162: 以上均省略冠军徽章/经验/荣誉/亲密度/义气度/变身卡等内容 | H162: 超级联赛每届正赛期15天，休赛期7天，每年按16届计算
A163: 六门会武 | B163: 元婴经验 | C163: 比赛积分 | D163: 元婴经验 | E163: 比赛积分 | F163: 元婴经验 | G163: 比赛积分 | H163: 六门会武 | I163: 排名积分 | J163: 助威积分 | K163: 计算项目 | L163: 数量
A164: 8192强 | B164: 400 | C164: 50 | D164: x | E164: x | F164: x | G164: x | H164: 丐帮第1 | I164: 200 | J164: 100 | K164: 每周试炼 | L164: =24+61+190*6-40*3
A165: 4096强 | B165: 600 | C165: 75 | D165: x | E165: x | F165: x | G165: x | H165: 峨眉第2 | I165: 180 | J165: 80 | K165: 助威丐帮 | L165: 100
A166: 2048强 | B166: 800 | C166: 100 | D166: x | E166: x | F166: x | G166: x | H166: 少林第3 | I166: 160 | J166: 60 | K166: 排名积分 | L166: 200
A167: 1024强 | B167: 1000 | C167: 125 | D167: 5000 | E167: 350 | F167: x | G167: x | H167: 武当第4 | I167: 140 | J167: 40 | K167: 比赛积分 | L167: 150
A168: 512强 | B168: 1200 | C168: 150 | D168: 5500 | E168: 400 | F168: x | G168: x | H168: 华山第5 | I168: 120 | J168: 20 | K168: 计算星期 | L168: 52
A169: 256强 | B169: 1400 | C169: 175 | D169: 6000 | E169: 450 | F169: x | G169: x | H169: 明教第6 | I169: 100 | J169: 0 | K169: 积分总计 | L169: =(L164+L165+L166+L167)*L168
A170: 128强 | B170: 1600 | C170: 200 | D170: 6500 | E170: 500 | F170: x | G170: x | H170: 群雄逐鹿 | I170: 第一轮 | J170: 第二轮 | K170: 第三轮 | L170: 总积分
A171: 64强 | B171: 1800 | C171: 225 | D171: 7000 | E171: 550 | F171: 15000 | G171: 800 | H171: 第一名 | I171: 250 | J171: 300 | K171: 500 | L171: =I171+J171+K171
A172: 32强 | B172: 2000 | C172: 250 | D172: 7500 | E172: 600 | F172: 17000 | G172: 900 | H172: 第二名 | I172: 250 | J172: 300 | K172: 338 | L172: =I172+J172+K172
A173: 16强 | B173: 2200 | C173: 275 | D173: 8000 | E173: 650 | F173: 19000 | G173: 1000 | H173: 第三名 | I173: 250 | J173: 225 | K173: 300 | L173: =I173+J173+K173
A174: 8强 | B174: 2400 | C174: 300 | D174: 8500 | E174: 700 | F174: 21000 | G174: 1100 | H174: 第四名 | I174: 250 | J174: 225 | K174: 225 | L174: =I174+J174+K174
A175: 4强 | B175: 2600 | C175: 325 | D175: 9000 | E175: 750 | F175: 23000 | G175: 1200 | H175: 第五名 | I175: 188 | J175: 200 | K175: 250 | L175: =I175+J175+K175
A176: 亚军 | B176: 2800 | C176: 350 | D176: 9500 | E176: 800 | F176: 25000 | G176: 1300 | H176: 第六名 | I176: 188 | J176: 200 | K176: 188 | L176: =I176+J176+K176
A177: 冠军 | B177: 3000 | C177: 375 | D177: 10000 | E177: 850 | F177: 28000 | G177: 1400 | H177: 第七名 | I177: 188 | J177: 150 | K177: 200 | L177: =I177+J177+K177
A178: 赛场级别 | B178: 青铜：各门派前1000 | D178: 白银：各门派前100 | F178: 黄金：各门派前10 | H178: 第八名 | I178: 188 | J178: 150 | K178: 163 | L178: =I178+J178+K178
A179: 按试炼排名自动分配赛场，表内数值为到达对应成绩后的累计总奖励，而非单轮奖励 | H179: 此为无限制区数据，进击杀排行榜还可多领300~600积分
A181: 生效场景 | B181: 属性药 | C181: 守护神 | D181: 神将充能 | E181: 元婴飞仙 | F181: 佣兵上阵 | G181: 特别说明：打铁灼热状态/侠士上阵效果在所有场景都生效。
A182: 类别一 | B182: √ | C182: √ | D182: √ | E182: √ | F182: √ | G182: 包括好友/斗友。侠士存活效果/状态大好/怒了有效。
A183: 类别二 | B183: √ | C183: √ | D183: √ | E183: √ | F183: √ | G183: 包括帮友/心魔/boss/十二宫。 状态大好/怒了有效。
A184: 类别三 | B184: √ | C184: √ | D184: √ | E184: √ | F184: √ | G184: 包括历练/幻境/矿洞/踢馆/会武/祭坛/巅峰/结拜争霸/帮派战争。
A185: 类别四 | B185: √ | C185: x | D185: √ | E185: √ | F185: √ | G185: 包括攻占地盘/画卷迷踪/侠侣争霸。
A186: 类别五 | B186: x | C186: √ | D186: √ | E186: √ | F186: √ | G186: 包含黄金联赛/帮派远征/粮草掠夺/群雄逐鹿/竞技场。
A187: 武林大会 | B187: √ | C187: √ | D187: √ | E187: √ | F187: √ | G187: 侠士存活效果有效。
...

Sheet 侠士综合
A1: 侠士综合 | B1: 名词解释 | C1: 技能等级 | D1: 论剑组合 | E1: 领奖奇遇 | F1: 升级属性 | G1: 食珍录 | H1: 古玩赏 | I1: 见闻志 | K1: 阴属性 | L1: 阳属性
A2: 金属性 | B2: 柒承 | C2: 段智兴 | D2: 杨过 | E2: 金轮法王 | F2: 王处一 | G2: 胡斐 | H2: x | I2: x | J2: x | K2: x | L2: 鹅晓峰
A3: 木属性 | B3: 九品芝麻官 | C3: 黄药师 | D3: 林朝英 | E3: 周伯通 | F3: 周芷若 | G3: 行者鹅 | H3: 木岛主 | I3: 鹅乔峰 | J3: x | K3: x | L3: x
A4: 土属性 | B4: 李师师 | C4: 圣诞老鹅 | D4: 杜十三 | E4: 李莫愁 | F4: 梅超风 | G4: 石破天 | H4: 发财鹅 | I4: x | J4: x | K4: x | L4: x
A5: 水属性 | B5: 断亦 | C5: 王重阳 | D5: 欧阳锋 | E5: 小龙女 | F5: 郭襄 | G5: 龙岛主 | H5: 笑红尘 | I5: 越女鹅 | J5: x | K5: x | L5: x
A6: 火属性 | B6: 燕青 | C6: 洪七公 | D6: 李光弼 | E6: 郭靖 | F6: 张无忌 | G6: 张三丰 | H6: 斗酒僧 | I6: 福马鹅 | J6: x | K6: x | L6: x
A8: 名称 | B8: 相关概念及规则说明
A9: 五行克制 | B9: 攻击被克制属性的侠士时，增加20%伤害。克制顺序为：金克木，木克土，土克水，水克火，火克金。
A10: 阴阳克制 | B10: 阳克阴，阳克金火，阳弱克土；阴克阳，阴克木水，阳弱克土。弱克只增加10%伤害.
A11: 初始属性 | B11: 1级侠士初始属性或满级侠士生命若与表内侠士资料不一致，原因是武技栏已有属性技能提供了加成。
A12: 侠士职业 | B12: 盾/拳/刀/刺/剑客分别为生命/力量/敏捷/速度/均衡型侠士，各自偏向更高的生命/力量/敏捷/速度成长或平衡成长。
A13: 成长系数 | B13: 不同品级侠士有不同成长系数，同一侠士根据职业不同，不同属性的成长系数也不完全相同。本数据表内仅记录生命成长系数。
A14: 属性成长 | B14: 侠士在初始属性的基础上，每次升级随机力/速/敏中其二增加1*成长系数（可为相同属性），生命增加5*成长系数。
A15: 重出江湖 | B15: 消耗重出江湖令，侠士初始属性不变，已有武技种类不变，已解锁武技栏不变。
A16: 武技顺序 | B16: 当侠士武器技能中存在两个或两个以上技能时，排在可多次触发的技能之后的技能将无法触发。
A17: 武技重置 | B17: 消耗侠士修身录，建议解锁全5个武技栏后再参考推荐武技重置。
A18: 客栈奇遇 | B18: 物品交换，特价道具、侠士捣乱。出现时间每日早6点以及晚6点，最多保留2个奇遇。
A19: 客栈领奖 | B19: 包括住客NPC和食客NPC，不同NPC有不同的奖励配置权重。
... A22: 菜谱熟练 | B22: 菜谱有隐藏的七维度属性，熟练度升级会影响七维属性，七维属性会影响出现的食客NPC。
A24: 技能等级 | B24: LV1 | C24: LV2 | D24: LV3 | E24: LV4 | F24: LV5 | H24: 赛季加成 | I24: 单同五行 | J24: 双同五行 | K24: 三同五行
A25: 常规碎片 | B25: 20 | C25: 50 | D25: 120 | E25: 160 | F25: 500 | H25: 固定五行 | I25: 生命8% | J25: 生命10% | K25: 生命12%
A26: 冠侠碎片 | B26: 20 | C26: 50 | D26: 120 | E26: 160 | F26: 500 | I26: 力量8% | J26: 力量10% | K26: 力量12%
A27: 豪侠碎片 | B27: 50 | C27: 100 | D27: 150 | E27: 200 | F27: 600 | H27: 碧水寒潭 水属性 | I27: 暴击6% | J27: 暴击12% | K27: 暴击18%
A28: 福侠碎片 | B28: 50 | C28: 100 | D28: 150 | E28: 200 | F28: 600 | I28: 速度3% | J28: 速度6% | K28: 速度9%
A29: 隐侠碎片 | B29: 3隐侠贴 | C29: 50 | H29: 苍林竹海 木属性 | I29: 命中6% | J29: 命中12% | K29: 命中18%
A30: 秘卷技能 | B30: 1秘卷 | C30: 50 | D30: 100 | E30: 150 | F30: 200 | I30: 速度3% | J30: 速度6% | K30: 速度9%
A31: 论剑耐久 | B31: 10 | C31: 15 | D31: 20 | E31: 25 | F31: 30 | H31: 烈焰熔谷 火属性 | I31: 暴击6% | J31: 暴击12% | K31: 暴击18%
A32: 每日恢复 | B32: 5 | C32: 8 | D32: 11 | E32: 14 | F32: 18 | I32: 武伤6% | J32: 武伤12% | K32: 武伤18%
H33: 金属性
C34: 单阴阳 | D34: 生命10% | E34: 生命12% | F34: x
D35: 力量10% | E35: 力量12% | F35: x | H35: 土属性
A38: 食珍录 | B38: 激活菜谱 | C38: 满级菜谱 | E38: 奇遇物品交换 | G38: 消耗材料 | I38: 奇遇物品交换 | K38: 消耗材料
A39: 白粥 | B39: x | C39: =(500+500+1000+2000)/50 | E39: Ⅴ级万能碎片*1 | G39: 斗灵石-空*66 | I39: 百炼钢*2 | K39: 黄金卷轴*3
A40: 蛋炒饭 | B40: x | C40: =(500+500+1000+2000)/50 | E40: 斗灵石-空*5 | G40: 门派强化书*2 | I40: 百炼钢*1 | K40: 悟性丹* 6
A41: 叫花鸡 | B41: x | C41: =(500+500+1000+2000)/50 | E41: 斗灵石-空*5 | G41: 黄金卷轴*2 | I41: 百炼钢*1 | K41: 寻斗符*15
A42: 咸菜拼盘 | B42: x | C42: =(500+500+1000+2000)/50 | E42: 斗神符*1 | G42: 黄金卷轴*3 | I42: 百炼钢*1 | K42: 还魂丹*30
A43: 粗茶 | B43: x | C43: =(500+500+1000+2000)/50 | E43: 玄铁令*1 | G43: 挑战书* 2 | I43: 时之沙*2 | K43: 还魂丹*30
A44: 浊酒 | B44: 20 | C44: =(800+800+1600+3200)/50 | E44: 淬火结晶*1 | G44: 斗神符*1 | I44: 移魂符*1 | K44: 斗神符*1
A45: 麻婆豆腐 | B45: 40 | C45: =(1000+1000+2000+4000)/50 | E45: 易经八卦*1 | G45: 无字天书*1 | I45: 真黄金卷轴*1 | K45: 斗神符*1
A46: 陈醋花生米 | B46: 60 | C46: =(1200+1200+2400+4800)/50 | E46: 打尖住店领奖 | G46: 打尖住店领奖 | I46: 奇遇特价道具 | K46: 斗币/斗豆/鹅币
A47: 蟹酿橙 | B47: 80 | C47: =(1250+1250+2500+5000)/50 | E47: 淬火结晶*1 | G47: 小体力*3 | I47: 黄药师碎片*1 | K47: 1800/900/4.5
A48: 汤浴绣丸 | B48: 100 | C48: =(1400+1400+2800+5600)/50 | E48: 柒承碎片*1 | G48: 中体力*2 | I48: 段智兴碎片*1 | K48: 1800/900/4.5
A49: 饺子 | B49: 66 | C49: =(1200+820+2780+4800)/50 | E49: 断亦碎片*1 | G49: 大体力*1 | I49: 洪七公碎片*1 | K49: 1800/900/4.5
A50: 清蒸鲈鱼 | B50: 66 | C50: =(1200+820+2780+4800)/50 | E50: 燕青碎片*1 | G50: 真体力*1 | I50: 欧阳锋碎片*1 | K50: 1800/900/x
A51: 粽子 | B51: 55 | C51: =(1250+1250+2500+5000)/50 | E51: 李师师碎片*1 | G51: 经验药*1 | I51: 李光弼碎片*1 | K51: x / x /4
A52: 中秋月饼 | B52: 60 | C52: =(1100+900+2000+4000)/50 | E52: 重出江湖令*1 | G52: 大经验药*1 | I52: 杜十三碎片*1 | K52: x / x /4
A53: 岁寒三友 | B53: 100 | C53: =(1250+1250+2700+4800)/50 | E53: 侠士手记*1/2/3 | G53: 零经验药*1 | I53: 圣诞鹅碎片*1 | K53: x / x /4
A54: 翡翠白菜 | B54: 88 | C54: =(1300+1200+2700+5800)/50 | E54: 秘传菜谱*1/2/3 | G54: 神来拳套*2 | I54: 重出江湖令*1 | K54: x / x /8
A55: 蛋黄肉粽 | B55: 166 | C55: =(1400+1400+2800+6400)/50 | E55: 侠士修身录*1/2/3 | G55: 经验药七天*1 | I55: 玄铁令*1 | K55: x / x /0.8
A56: 佛跳墙 | B56: 166 | C56: =(1400+1400+2800+6400)/50 | E56: 古玩寻访帖*1/2/3 | G56: 被动经验药*1 | I56: 侠士手记*2 | K56: x /640/3.2
A57: 肉蟹煲 | B57: 166 | C57: =(1400+1400+2800+6400)/50 | E57: x | G57: x | I57: 侠士修身录*2 | K57: x /640/3.2
A58: 皮蛋豆腐 | B58: 166 | C58: =(1300+1200+2700+5800)/50 | E58: 奇遇寻衅滋事 | G58: 侠士碎片*1 | I58: 奇遇寻衅滋事 | K58: 侠士碎片*1
A59: 腊味合蒸 | B59: 166 | C59: =(1300+1200+2700+5800)/50 | E59: 对战侠士柒承 | G59: 战斗胜利/360斗豆 | I59: 对战侠士洪七公 | K59: 战斗胜利/900斗豆
A60: 羊方藏鱼 | B60: 166 | C60: =(1400+1400+2800+6400)/50 | E60: 对战侠士断亦 | G60: 战斗胜利/360斗豆 | I60: 对战侠士欧阳锋 | K60: 战斗胜利/900斗豆
A61: 马奶酒 | B61: 166 | C61: =(1400+1400+2800+6400)/50 | E61: 对战侠士芝麻官 | G61: 战斗胜利/360斗豆 | I61: 对战侠士圣诞老鹅 | K61: 战斗胜利/900斗豆
A62: 烤羊排 | B62: 128 | C62: =(1300+1200+2700+5800)/50 | E62: 对战侠士燕青 | G62: 战斗胜利/540斗豆 | I62: 对战侠士李师师 | K62: 战斗胜利/540斗豆
A64: 侠士等级 | B64: 1级 | C64: 2级 | D64: 3级 | E64: 4级 | F64: 5级 | G64: 6级 | H64: 7级 | I64: 8级 | J64: 9级 | K64: 10级 | L64: 10级效果
A65: 升级经验 | B65: 40 | C65: 160 | D65: 360 | E65: 640 | F65: 1000 | G65: 1440 | H65: 1960 | I65: 2560 | J65: 3240 | K65: 4000 | L65: 永久解锁 武技栏4
A66: 升级手记 | B66: 1 | C66: 1 | D66: 4 | E66: 6 | F66: 10 | G66: 15 | H66: 19 | I66: 26 | J66: 32 | K66: 40
A67: 侠士等级 | B67: 11级 | C67: 12级 | D67: 13级 | E67: 14级 | F67: 15级 | G67: 16级 | H67: 17级 | I67: 18级 | J67: 19级 | K67: 20级 | L67: 20级效果
A68: 升级经验 | B68: 4840 | C68: 5760 | D68: 6760 | E68: 7840 | F68: 9000 | G68: 10240 | H68: 11560 | I68: 12960 | J68: 14440 | K68: 总计 | L68: 永久解锁 武技栏5
A69: 升级手记 | B69: 49 | C69: 57 | D69: 68 | E69: 78 | F69: 90 | G69: 103 | H69: 115 | I69: 130 | J69: 144 | K69: 988
A70: 基础属性 | B70: 只有三维 | C70: 只有均衡 | D70: 前三后均 | E70: 前均后三 | F70: 备注 | G70: 基础属性 | H70: 只有三维 | I70: 只有均衡 | J70: 前三后均 | K70: 前均后三 | L70: 备注
A71: 6 | B71: =A71+ROUNDDOWN(ROUNDDOWN(A71*0.5,0)+3.5,0) | C71: =A71+ROUNDDOWN(ROUNDDOWN(A71*0.2,0)+1,0) | D71: =B71+ROUNDDOWN(ROUNDDOWN(B71*0.2,0)+1,0) | E71: =C71+ROUNDDOWN(ROUNDDOWN(C71*0.5,0)+3.5,0) | F71: x | G71: 36 | H71: =G71+ROUNDDOWN(ROUNDDOWN(G71*0.5,0)+3.5,0) | I71: =G71+ROUNDDOWN(ROUNDDOWN(G71*0.2,0)+1,0) | J71: =H71+ROUNDDOWN(ROUNDDOWN(H71*0.2,0)+1,0) | K71: =I71+ROUNDDOWN(ROUNDDOWN(I71*0.5,0)+3.5,0) | L71: x
A72: 7 | B72: =A72+ROUNDDOWN(ROUNDDOWN(A72*0.5,0)+3.5,0) | C72: =A72+ROUNDDOWN(ROUNDDOWN(A72*0.2,0)+1,0) | D72: =B72+ROUNDDOWN(ROUNDDOWN(B72*0.2,0)+1,0) | E72: =C72+ROUNDDOWN(ROUNDDOWN(C72*0.5,0)+3.5,0) | F72: x | G72: 37 | H72: =G72+ROUNDDOWN(ROUNDDOWN(G72*0.5,0)+3.5,0) | I72: =G72+ROUNDDOWN(ROUNDDOWN(G72*0.2,0)+1,0) | J72: =H72+ROUNDDOWN(ROUNDDOWN(H72*0.2,0)+1,0) | K72: =I72+ROUNDDOWN(ROUNDDOWN(I72*0.5,0)+3.5,0) | L72: x
A73: 8 | B73: =A73+ROUNDDOWN(ROUNDDOWN(A73*0.5,0)+3.5,0) | C73: =A73+ROUNDDOWN(ROUNDDOWN(A73*0.2,0)+1,0) | D73: =B73+ROUNDDOWN(ROUNDDOWN(B73*0.2,0)+1,0) | E73: =C73+ROUNDDOWN(ROUNDDOWN(C73*0.5,0)+3.5,0) | F73: 先三维 | G73: 38 | H73: =G73+ROUNDDOWN(ROUNDDOWN(G73*0.5,0)+3.5,0) | I73: =G73+ROUNDDOWN(ROUNDDOWN(G73*0.2,0)+1,0) | J73: =H73+ROUNDDOWN(ROUNDDOWN(H73*0.2,0)+1,0) | K73: =I73+ROUNDDOWN(ROUNDDOWN(I73*0.5,0)+3.5,0) | L73: 先三维
A74: 9 | B74: =A74+ROUNDDOWN(ROUNDDOWN(A74*0.5,0)+3.5,0) | C74: =A74+ROUNDDOWN(ROUNDDOWN(A74*0.2,0)+1,0) | D74: =B74+ROUNDDOWN(ROUNDDOWN(B74*0.2,0)+1,0) | E74: =C74+ROUNDDOWN(ROUNDDOWN(C74*0.5,0)+3.5,0) | F74: 先三维 | G74: 39 | H74: =G74+ROUNDDOWN(ROUNDDOWN(G74*0.5,0)+3.5,0) | I74: =G74+ROUNDDOWN(ROUNDDOWN(G74*0.2,0)+1,0) | J74: =H74+ROUNDDOWN(ROUNDDOWN(H74*0.2,0)+1,0) | K74: =I74+ROUNDDOWN(ROUNDDOWN(I74*0.5,0)+3.5,0) | L74: 先三维
A75: 10 | B75: =A75+ROUNDDOWN(ROUNDDOWN(A75*0.5,0)+3.5,0) | C75: =A75+ROUNDDOWN(ROUNDDOWN(A75*0.2,0)+1,0) | D75: =B75+ROUNDDOWN(ROUNDDOWN(B75*0.2,0)+1,0) | E75: =C75+ROUNDDOWN(ROUNDDOWN(C75*0.5,0)+3.5,0) | F75: x | G75: 40 | H75: =G75+ROUNDDOWN(ROUNDDOWN(G75*0.5,0)+3.5,0) | I75: =G75+ROUNDDOWN(ROUNDDOWN(G75*0.2,0)+1,0) | J75: =H75+ROUNDDOWN(ROUNDDOWN(H75*0.2,0)+1,0) | K75: =I75+ROUNDDOWN(ROUNDDOWN(I75*0.5,0)+3.5,0) | L75: x
A76: 11 | B76: =A76+ROUNDDOWN(ROUNDDOWN(A76*0.5,0)+3.5,0) | C76: =A76+ROUNDDOWN(ROUNDDOWN(A76*0.2,0)+1,0) | D76: =B76+ROUNDDOWN(ROUNDDOWN(B76*0.2,0)+1,0) | E76: =C76+ROUNDDOWN(ROUNDDOWN(C76*0.5,0)+3.5,0) | F76: 先均衡 | G76: 41 | H76: =G76+ROUNDDOWN(ROUNDDOWN(G76*0.5,0)+3.5,0) | I76: =G76+ROUNDDOWN(ROUNDDOWN(G76*0.2,0)+1,0) | J76: =H76+ROUNDDOWN(ROUNDDOWN(H76*0.2,0)+1,0) | K76: =I76+ROUNDDOWN(ROUNDDOWN(I76*0.5,0)+3.5,0) | L76: 先均衡
A77: 12 | B77: =A77+ROUNDDOWN(ROUNDDOWN(A77*0.5,0)+3.5,0) | C77: =A77+ROUNDDOWN(ROUNDDOWN(A77*0.2,0)+1,0) | D77: =B77+ROUNDDOWN(ROUNDDOWN(B77*0.2,0)+1,0) | E77: =C77+ROUNDDOWN(ROUNDDOWN(C77*0.5,0)+3.5,0) | F77: 先三维 | G77: 42 | H77: =G77+ROUNDDOWN(ROUNDDOWN(G77*0.5,0)+3.5,0) | I77: =G77+ROUNDDOWN(ROUNDDOWN(G77*0.2,0)+1,0) | J77: =H77+ROUNDDOWN(ROUNDDOWN(H77*0.2,0)+1,0) | K77: =I77+ROUNDDOWN(ROUNDDOWN(I77*0.5,0)+3.5,0) | L77: 先三维
A78: 13 | B78: =A78+ROUNDDOWN(ROUNDDOWN(A78*0.5,0)+3.5,0) | C78: =A78+ROUNDDOWN(ROUNDDOWN(A78*0.2,0)+1,0) | D78: =B78+ROUNDDOWN(ROUNDDOWN(B78*0.2,0)+1,0) | E78: =C78+ROUNDDOWN(ROUNDDOWN(C78*0.5,0)+3.5,0) | F78: x | G78: 43 | H78: =G78+ROUNDDOWN(ROUNDDOWN(G78*0.5,0)+3.5,0) | I78: =G78+ROUNDDOWN(ROUNDDOWN(G78*0.2,0)+1,0) | J78: =H78+ROUNDDOWN(ROUNDDOWN(H78*0.2,0)+1,0) | K78: =I78+ROUNDDOWN(ROUNDDOWN(I78*0.5,0)+3.5,0) | L78: x
A79: 14 | B79: =A79+ROUNDDOWN(ROUNDDOWN(A79*0.5,0)+3.5,0) | C79: =A79+ROUNDDOWN(ROUNDDOWN(A79*0.2,0)+1,0) | D79: =B79+ROUNDDOWN(ROUNDDOWN(B79*0.2,0)+1,0) | E79: =C79+ROUNDDOWN(ROUNDDOWN(C79*0.5,0)+3.5,0) | F79: 先三维 | G79: 44 | H79: =G79+ROUNDDOWN(ROUNDDOWN(G79*0.5,0)+3.5,0) | I79: =G79+ROUNDDOWN(ROUNDDOWN(G79*0.2,0)+1,0) | J79: =H79+ROUNDDOWN(ROUNDDOWN(H79*0.2,0)+1,0) | K79: =I79+ROUNDDOWN(ROUNDDOWN(I79*0.5,0)+3.5,0) | L79: 先三维
A80: 15 | B80: =A80+ROUNDDOWN(ROUNDDOWN(A80*0.5,0)+3.5,0) | C80: =A80+ROUNDDOWN(ROUNDDOWN(A80*0.2,0)+1,0) | D80: =B80+ROUNDDOWN(ROUNDDOWN(B80*0.2,0)+1,0) | E80: =C80+ROUNDDOWN(ROUNDDOWN(C80*0.5,0)+3.5,0) | F80: x | G80: 45 | H80: =G80+ROUNDDOWN(ROUNDDOWN(G80*0.5,0)+3.5,0) | I80: =G80+ROUNDDOWN(ROUNDDOWN(G80*0.2,0)+1,0) | J80: =H80+ROUNDDOWN(ROUNDDOWN(H80*0.2,0)+1,0) | K80: =I80+ROUNDDOWN(ROUNDDOWN(I80*0.5,0)+3.5,0) | L80: x
A81: 16 | B81: =A81+ROUNDDOWN(ROUNDDOWN(A81*0.5,0)+3.5,0) | C81: =A81+ROUNDDOWN(ROUNDDOWN(A81*0.2,0)+1,0) | D81: =B81+ROUNDDOWN(ROUNDDOWN(B81*0.2,0)+1,0) | E81: =C81+ROUNDDOWN(ROUNDDOWN(C81*0.5,0)+3.5,0) | F81: x | G81: 46 | H81: =G81+ROUNDDOWN(ROUNDDOWN(G81*0.5,0)+3.5,0) | I81: =G81+ROUNDDOWN(ROUNDDOWN(G81*0.2,0)+1,0) | J81: =H81+ROUNDDOWN(ROUNDDOWN(H81*0.2,0)+1,0) | K81: =I81+ROUNDDOWN(ROUNDDOWN(I81*0.5,0)+3.5,0) | L81: x
A82: 17 | B82: =A82+ROUNDDOWN(ROUNDDOWN(A82*0.5,0)+3.5,0) | C82: =A82+ROUNDDOWN(ROUNDDOWN(A82*0.2,0)+1,0) | D82: =B82+ROUNDDOWN(ROUNDDOWN(B82*0.2,0)+1,0) | E82: =C82+ROUNDDOWN(ROUNDDOWN(C82*0.5,0)+3.5,0) | F82: x | G82: 47 | H82: =G82+ROUNDDOWN(ROUNDDOWN(G82*0.5,0)+3.5,0) | I82: =G82+ROUNDDOWN(ROUNDDOWN(G82*0.2,0)+1,0) | J82: =H82+ROUNDDOWN(ROUNDDOWN(H82*0.2,0)+1,0) | K82: =I82+ROUNDDOWN(ROUNDDOWN(I82*0.5,0)+3.5,0) | L82: x
... A100: 35 | B100: =A100+ROUNDDOWN(ROUNDDOWN(A100*0.5,0)+3.5,0) | C100: =A100+ROUNDDOWN(ROUNDDOWN(A100*0.2,0)+1,0) | D100: =B100+ROUNDDOWN(ROUNDDOWN(B100*0.2,0)+1,0) | E100: =C100+ROUNDDOWN(ROUNDDOWN(C100*0.5,0)+3.5,0) | F100: x | G100: 65 | H100: =G100+ROUNDDOWN(ROUNDDOWN(G100*0.5,0)+3.5,0) | I100: =G100+ROUNDDOWN(ROUNDDOWN(G100*0.2,0)+1,0) | J100: =H100+ROUNDDOWN(ROUNDDOWN(H100*0.2,0)+1,0) | K100: =I100+ROUNDDOWN(ROUNDDOWN(I100*0.5,0)+3.5,0) | L100: x
A102: 桌椅 | B102: 激活古玩 | C102: 豪华度 | D102: 饰品 | E102: 激活古玩 | F102: 豪华度 | G102: 灯笼 | H102: 激活古玩 | I102: 豪华度 | J102: 风格 | K102: 激活古玩 | L102: 豪华度
A103: 残破桌椅 | B103: x | C103: 0 | D103: 小鸡啄米图 | E103: x | F103: 0 | G103: 煤油灯 | H103: x | I103: 0 | J103: 破败风格 | K103: x | L103: 0
A104: 石制桌椅 | B104: 30 | C104: 30 | D104: 装饰挂剑 | E104: 30 | F104: 30 | G104: 灯笼 | H104: 30 | I104: 30 | J104: 朴素风格 | K104: 200 | L104: 200
A105: 梨花木桌椅 | B105: 60 | C105: 60 | D105: 春树秋霜图 | E105: 60 | F105: 60 | G105: 莲花灯 | H105: 60 | I105: 60 | J105: 喜庆风格 | K105: 400 | L105: 400
A106: 新春桌椅 | B106: 60 | C106: 66 | D106: 新春剪纸 | E106: 60 | F106: 66 | G106: 新春灯笼 | H106: 60 | I106: 66 | J106: 新春风格 | K106: 366 | L106: 400
A107: x | B107: x | C107: x | D107: 五帝钱 | E107: 60 | F107: 66 | G107: x | H107: x | I107: x | J107: x | K107: x | L107: x
A108: 龙傲桌椅 | B108: 188 | C108: 100 | D108: 平安斧 | E108: 66 | F108: 88 | G108: 阁内神灯 | H108: 188 | I108: 100 | J108: x | K108: x | L108: x
A109: 独山玉桌椅 | B109: 199 | C109: 101 | D109: 长生挂件 | E109: 99 | F109: 81 | G109: 南阳玉灯 | H109: 199 | I109: 101 | J109: 独玉洞天 | K109: 888 | L109: 668
A110: 鼠年桌椅 | B110: 66 | C110: 80 | D110: 鼠年挂件 | E110: 66 | F110: 80 | G110: 鼠年灯笼 | H110: 66 | I110: 80 | J110: 鼠年风水阁 | K110: 666 | L110: 666
A111: 牛年桌椅 | B111: 66 | C111: 80 | D111: 牛年挂件 | E111: 66 | F111: 80 | G111: 牛年灯笼 | H111: 66 | I111: 80 | J111: 牛年风水阁 | K111: 666 | L111: 666
A112: 虎年桌椅 | B112: 66 | C112: 80 | D112: 虎年挂件 | E112: 66 | F112: 80 | G112: 虎年灯笼 | H112: 66 | I112: 80 | J112: 虎年风水阁 | K112: 666 | L112: 688
A113: 兔年桌椅 | B113: 66 | C113: 80 | D113: 兔年挂件 | E113: 66 | F113: 80 | G113: 兔年灯笼 | H113: 66 | I113: 80 | J113: 兔年风水阁 | K113: 666 | L113: 666
... A116: 马年桌椅 | B116: 100 | C116: 100 | D116: 马年挂件 | E116: 100 | F116: 100 | G116: 马年灯笼 | H116: 100 | I116: 100 | J116: 马年风水阁 | K116: 700 | L116: 700
A118: 见闻志 | B118: 战斗力 | C118: 激活条件 | H118: 奖励属性
A119: 孤灯挑尽 | B119: 0.3 | C119: 解锁1套灯笼 | H119: 生命4
A120: 张灯结彩 | B120: 0.6 | C120: 解锁3套灯笼 | H120: 力量2、敏捷2
A121: 红红火火 | B121: 0.9 | C121: 解锁5套灯笼 | H121: 生命4、力量2、敏捷2
A122: 一文不值 | B122: 0.3 | C122: 解锁1套饰品 | H122: 敏捷2
A123: 小巧精致 | B123: 1 | C123: 解锁3套饰品 | H123: 力量2
A124: 金钗钿合 | B124: 1 | C124: 解锁5套饰品 | H124: 速度1、力量2、敏捷2
A125: 杯盘狼藉 | B125: 0.3 | C125: 解锁1套桌椅 | H125: 力量2
A126: 窗明几净 | B126: 0.3 | C126: 解锁3套桌椅 | H126: 敏捷2
A127: 杞梓之林 | B127: 0.9 | C127: 解锁5套桌椅 | H127: 速度1、力量2、敏捷2
A128: 残破不堪 | B128: 0.3 | C128: 拥有1种客房风格 | H128: 生命4
...

Sheet 佣兵综合
A1: 佣兵综合 | B1: 状态类 | F1: 战斗类 | J1: 防御类
A2: 名词解释 | B2: 鹤仙人 | C2: 豆油队长 | D2: 东方不败 | E2: 锦鲤仙人 | F2: 令狐冲 | G2: 顶级令狐冲 | H2: 独孤求败 | I2: 丁春秋 | J2: 丘处机 | K2: 扫地僧 | L2: 顶级扫地僧 | M2: 达摩祖师
A3: 天赋汇总 | B3: 钢铁侠 | C3: 鹿仙人 | D3: 我爱鹅 | E3: 赵云 | F3: 韦一笑 | G3: 顶级韦一笑 | H3: 黑山老妖 | I3: 鹤笔翁 | J3: 赵敏 | K3: 诸葛孔明 | L3: 乐斗忍者 | M3: 黄盖
A4: 天赋消耗 | B4: 无崖子 | C4: 鹅右介 | D4: 年兽大人 | E4: 贾诩 | F4: 小龙女 | G4: 韦小宝 | H4: 齐天大圣 | I4: 经阁扫地僧 | J4: 草薙鹅 | K4: 鹅灵儿 | L4: 御天战鹅 | M4: 郭嘉
A5: 佣兵派遣 | B5: 精灵鹅 | C5: x | D5: x | E5: x | F5: 周瑜 | G5: 鹅斯拉 | H5: 八神鹅 | I5: 鹅逍遥 | J5: 山丘鹅 | K5: x | L5: x | M5: x
A6: x | B6: x | C6: x | D6: x | E6: x | F6: 鹅离雨 | G6: 剑圣鹅 | H6: x | I6: x | J6: x | K6: x | L6: x | M6: x
A7: 活动详情：所有佣兵还童概率/提升悟性成功率大提升（6大稀有佣兵、齐天大圣、诸葛孔明除外），还童卷轴/还童天书/悟性丹无折扣。
A8: 名称 | B8: 相关概念及注意事项
A9: 佣兵还童 | B9: 还童至极品时会显示“您的佣兵资质已达顶级”，此时无法继续还童，一旦升级佣兵后，便又可继续还童，所以切勿胡乱点击。
A10: 佣兵等级 | B10: 务必先把悟性升至10以后再升级佣兵。佣兵升满20级总计需123500经验，普通突飞总计需61800阅历，勿花斗豆双倍突飞。
A11: 佣兵战力 | B11: 满悟性满等级的卓越佣兵战力均为95，且系统内显示的上阵佣兵/非上阵佣兵/佣兵天赋战力需分别乘以0.05/0.02/0.1系数后才加到人物战力。
A12: 佣兵顺序 | B12: 状态/战斗/防御类在实战中会按照顺序先后入场触发技能。状态佣兵均在开局触发，后两者除本身技能触发条件外还有额外的触发血线要求。
A13: 佣兵黄盖 | B13: 黄盖因为佣兵出场顺序的限制，救不了开局被秒杀。黄盖出手时会使对手当前回合的行动强制结束，和触发装死类技能的隐藏效果一样。
A14: 佣兵八神 | B14: 八神和东方均为拿不出武器而非禁止武器，表现为当其手持武器时，下回合若判定其继续使用当前武器则可用，若判定使用新武器，才会转为空手。
A15: 佣兵搭配 | B15: 后手我爱鹅弹不了东方不败。鹤仙人防不了八神，其速度加成也影响不了先手判定。先手队长+八神时，八神开局触发后队长技能被浪费。
A16: 佣兵年兽 | B16: 目前时效佣兵仅有年兽大人一种，每次使用时效道具激活后直接为满级极品，无需进行还童、升悟性、升等级等操作。
A18: 天赋汇总 | B18: 佣兵固伤 | C18: 佣兵固减 | D18: 佣兵增伤 | E18: 佣兵减伤 | F18: 佣兵暴击 | G18: 佣兵抗暴 | H18: 佣兵韧性 | I18: 佣兵抗韧 | J18: 全武穿透 | K18: 全武抗穿 | L18: 力量值 | M18: 速度值
A19: 属性总计 | B19: =50*5+118 | C19: =50*4+70 | D19: =0.25*6 | E19: =0.25*5 | F19: =0.25*2 | G19: =0.25*2 | H19: =0.25*6+0.2 | I19: =0.25*5 | J19: =0.05*1 | K19: =0.06*2+0.05 | L19: =20*2+12 | M19: =20*3+12
B20: 鹿仙人 | C20: 顶级扫地僧 | D20: 钢铁侠 | E20: 锦鲤仙人 | F20: 顶级令狐冲 | G20: 扫地僧 | H20: 鹤仙人 | I20: 东方不败 | J20: 经阁扫地僧 | K20: 鹅右介 | L20: 我爱鹅 | M20: 东方不败
B21: 令狐冲 | C21: 丘处机 | D21: 我爱鹅 | E21: 鹤笔翁 | F21: 八神鹅 | G21: 草薙鹅 | H21: 豆油队长 | I21: 无崖子 | J21: x | K21: 周瑜 | L21: 韦小宝 | M21: 齐天大圣
B22: 丁春秋 | C22: 赵敏 | D22: 独孤求败 | E22: 达摩祖师 | F22: x | G22: x | H22: 经阁扫地僧 | I22: 韦小宝 | J22: x | K22: 郭嘉 | L22: 御天战鹅 | M22: 无崖子
B23: 顶级韦一笑 | C23: 鹅离雨 | D23: 韦一笑 | E23: 赵云 | F23: x | G23: x | H23: 诸葛孔明 | I23: 齐天大圣 | J23: x | K23: x | L23: x | M23: 御天战鹅
B24: 鹅逍遥 | C24: 鹅右介 | D24: 黑山老妖 | E24: 山丘鹅 | F24: x | G24: x | H24: 乐斗忍者 | I24: 周瑜 | J24: x | K24: x | L24: x | M24: x
B25: 鹅斯拉 | C25: x | D25: 黄盖 | E25: x | F25: x | G25: x | H25: 鹅灵儿 | I25: x | J25: x | K25: x | L25: x | M25: x
B26: x | C26: x | D26: x | E26: x | F26: x | G26: x | H26: 御天战鹅 | I26: x | J26: x | K26: x | L26: x | M26: x
A28: 天赋消耗 | B28: 等级 | C28: 1级 | D28: 2级 | E28: 3级 | F28: 4级 | G28: 5级 | H28: 6级 | I28: 7级 | J28: 8级 | K28: 9级 | L28: 10级 | M28: 总天赋丹
A29: 佣兵天赋1 | B29: 战斗力 | C29: 10 | D29: 12 | E29: 14 | F29: 17 | G29: 20 | H29: 23 | I29: 26 | J29: 29 | K29: 32 | L29: 35 | M29: ="档次1"&CHAR(10)&SUM(C30:K30)
B30: 升级消耗 | C30: 20 | D30: 24 | E30: 28 | F30: 36 | G30: 40 | H30: 44 | I30: 48 | J30: 60 | K30: 72 | L30: x
B31: 战斗力 | C31: 20 | D31: 22 | E31: 25 | F31: 28 | G31: 32 | H31: 38 | I31: 43 | J31: 48 | K31: 54 | L31: 60 | M31: ="档次2"&CHAR(10)&SUM(C32:K32)
B32: 升级消耗 | C32: 32 | D32: 40 | E32: 48 | F32: 56 | G32: 64 | H32: 72 | I32: 80 | J32: 96 | K32: 112 | L32: x
B33: 战斗力 | C33: 20 | D33: 25 | E33: 30 | F33: 35 | G33: 40 | H33: 45 | I33: 50 | J33: 55 | K33: 60 | L33: 70 | M33: ="档次3"&CHAR(10)&SUM(C34:K34)
B34: 升级消耗 | C34: 40 | D34: 50 | E34: 60 | F34: 70 | G34: 80 | H34: 90 | I34: 100 | J34: 120 | K34: 140 | L34: x
A35: 佣兵天赋2 | B35: 战斗力 | C35: 30 | D35: 35 | E35: 40 | F35: 45 | G35: 50 | H35: 55 | I35: 60 | J35: 70 | K35: 80 | L35: 90 | M35: ="档次1"&CHAR(10)&SUM(C36:K36)
B36: 升级消耗 | C36: 54 | D36: 68 | E36: 81 | F36: 95 | G36: 108 | H36: 122 | I36: 135 | J36: 162 | K36: 189 | L36: x
B37: 战斗力 | C37: 40 | D37: 45 | E37: 50 | F37: 60 | G37: 70 | H37: 80 | I37: 90 | J37: 100 | K37: 110 | L37: 120 | M37: ="档次2"&CHAR(10)&SUM(C38:K38)
B38: 升级消耗 | C38: 72 | D38: 90 | E38: 108 | F38: 126 | G38: 144 | H38: 162 | I38: 180 | J38: 216 | K38: 252 | L38: x
B39: 战斗力 | C39: 70 | D39: 80 | E39: 90 | F39: 100 | G39: 120 | H39: 140 | I39: 160 | J39: 180 | K39: 200 | L39: 220 | M39: ="档次3"&CHAR(10)&SUM(C40:K40)
B40: 升级消耗 | C40: 136 | D40: 160 | E40: 188 | F40: 228 | G40: 286 | H40: 321 | I40: 360 | J40: 425 | K40: 504 | L40: x
B41: 战斗力 | C41: 75 | D41: 85 | E41: 100 | F41: 115 | G41: 135 | H41: 155 | I41: 175 | J41: 195 | K41: 215 | L41: 240 | M41: ="档次4"&CHAR(10)&SUM(C42:K42)
B42: 升级消耗 | C42: 144 | D42: 180 | E42: 216 | F42: 252 | G42: 288 | H42: 324 | I42: 360 | J42: 432 | K42: 504 | L42: x
A43: 佣兵天赋3 | B43: 战斗力 | C43: 40 | D43: 45 | E43: 50 | F43: 60 | G43: 70 | H43: 80 | I43: 90 | J43: 100 | K43: 110 | L43: 120 | M43: ="档次1"&CHAR(10)&SUM(C44:K44)
B44: 升级消耗 | C44: 72 | D44: 90 | E44: 108 | F44: 126 | G44: 144 | H44: 162 | I44: 180 | J44: 216 | K44: 252 | L44: x
B45: 战斗力 | C45: 60 | D45: 65 | E45: 70 | F45: 80 | G45: 90 | H45: 100 | I45: 110 | J45: 120 | K45: 130 | L45: 150 | M45: ="档次2"&CHAR(10)&SUM(C46:K46)
B46: 升级消耗 | C46: 80 | D46: 95 | E46: 115 | F46: 140 | G46: 170 | H46: 205 | I46: 245 | J46: 290 | K46: 350 | L46: x
B47: 战斗力 | C47: 80 | D47: 100 | E47: 120 | F47: 140 | G47: 160 | H47: 180 | I47: 200 | J47: 220 | K47: 240 | L47: 260 | M47: ="档次3"&CHAR(10)&SUM(C48:K48)
B48: 升级消耗 | C48: 124 | D48: 160 | E48: 200 | F48: 230 | G48: 260 | H48: 300 | I48: 330 | J48: 390 | K48: 420 | L48: x
B49: 战斗力 | C49: 80 | D49: 100 | E49: 120 | F49: 140 | G49: 160 | H49: 180 | I49: 200 | J49: 220 | K49: 240 | L49: 260 | M49: ="档次4"&CHAR(10)&SUM(C50:K50)
B50: 升级消耗 | C50: 150 | D50: 175 | E50: 200 | F50: 230 | G50: 260 | H50: 310 | I50: 350 | J50: 400 | K50: 450 | L50: x
A52: 护送枪皇 | B52: 任务名称 | C52: 任务时间 | D52: 任务要求 | H52: 佣兵派遣 | I52: 任务名称 | J52: 任务时间 | K52: 任务要求
A53: B级任务 | B53: 打扫房间 | C53: 1小时 | D53: 任意资质的任意佣兵1名 | H53: A级任务 | I53: 抓捕小偷 | J53: 3小时 | K53: 卓越资质的战斗类佣兵2名
B54: 货物运送 | C54: 1小时 | D54: 任意资质的任意佣兵1名 | I54: 防御工事 | J54: 3小时 | K54: 卓越资质的防御类佣兵2名
B55: 消除虫害 | C55: 1小时 | D55: 任意资质的任意佣兵1名 | I55: 调整状态 | J55: 3小时 | K55: 卓越资质的状态类佣兵2名
B56: 帮助邻居 | C56: 1小时 | D56: 任意资质的任意佣兵1名 | I56: 雇佣军团 | J56: 3小时 | K56: 卓越资质的购买佣兵2名
B57: 上山挑水 | C57: 1小时 | D57: 任意资质的任意佣兵1名 | I57: 小队巡逻 | J57: 3小时 | K57: 卓越资质的任意佣兵2名
B58: 房屋维修 | C58: 1小时 | D58: 任意资质的任意佣兵1名 | I58: 武艺切磋 | J58: 3小时 | K58: 卓越资质的任意佣兵2名
B59: 清理蟑螂 | C59: 1小时 | D59: 任意资质的任意佣兵1名 | I59: 闺蜜情深 | J59: 3小时 | K59: 卓越资质的女性佣兵2名
B60: 收割作物 | C60: 1小时 | D60: 任意资质的任意佣兵1名 | I60: 哥俩好啊 | J60: 3小时 | K60: 卓越资质的男性佣兵2名
B61: 炊烟袅袅 | C61: 1小时 | D61: 任意资质的任意佣兵1名 | I61: 协助村长 | J61: 3小时 | K61: 卓越资质的男性佣兵2名
B62: 湖边垂钓 | C62: 1小时 | D62: 任意资质的任意佣兵1名 | I62: 男女搭配 | J62: 3小时 | K62: 卓越资质的男性、女性佣兵各1名
B63: 清除杂草 | C63: 1小时 | D63: 任意资质的任意佣兵1名 | I63: 护送斧王 | J63: 3小时 | K63: 卓越资质的战斗佣兵3名
B64: 勤劳园丁 | C64: 1小时 | D64: 任意资质的任意佣兵1名 | I64: 护送枪皇 | J64: 3小时 | K64: 卓越资质的防御佣兵3名
B65: 勤学苦练 | C65: 1小时 | D65: 任意资质的任意佣兵1名 | I65: 护送剑仙 | J65: 3小时 | K65: 卓越资质的状态佣兵3名
A66: S级任务 | B66: 降妖除魔 | C66: 5小时 | D66: 卓越资质的战斗类佣兵3名 | H66: 注意事项 | I66: 优先分配女性和状态佣兵任务，防止被其它任务分配占用
B67: 坚持不懈 | C67: 5小时 | D67: 卓越资质的防御类佣兵3名 | I67: 剩余时间0分钟实际可能还未结束，不要手快点到加速
B68: 鼓舞士气 | C68: 5小时 | D68: 卓越资质的状态类佣兵3名 | H68: 任务奖励 | I68: 奖励池及对应概率（不计宝匣任务）
B69: 护送长老 | C69: 5小时 | D69: 卓越资质的战斗、防御、状态佣兵各1名 | H69: B级奖励 | I69: 佣兵中宝箱 | J69: 佣兵小宝箱 | K69: 佣兵天赋丹 | L69: 神将沙漏 | M69: 时之沙
B70: 深山隐士 | C70: 3小时 | D70: 卓越资质的稀有佣兵1名 | I70: 10% | J70: 25% | K70: 20% | L70: 25% | M70: 20%
B71: 仙人降临 | C71: 3小时 | D71: 卓越资质的仙人佣兵1名 | H71: A级奖励 | I71: 佣兵中宝箱 | J71: 佣兵小宝箱 | K71: 神将宝箱 | L71: 神将沙漏 | M71: 时之沙
B72: 少女天团 | C72: 5小时 | D72: 卓越资质的女性佣兵2名 | I72: 10% | J72: 25% | K72: 20% | L72: 25% | M72: 20%
B73: 护送箭神 | C73: 5小时 | D73: 卓越资质的战斗和防御佣兵各2名 | H73: S级奖励 | I73: 佣兵大宝箱 | J73: 佣兵中宝箱 | K73: 神将宝箱 | L73: 神将沙漏 | M73: 佣兵天赋丹
B74: 护送兵圣 | C74: 5小时 | D74: 卓越资质的状态和防御佣兵各2名 | I74: 10% | J74: 10% | K74: 50% | L74: 25% | M74: 5%
A76: 名称 | B76: 佣兵碎片消耗 | E76: 天赋丹总消耗 | H76: 满级天赋效果
A77: 祥·鹤仙人 激活碎片 30 | B77: 天赋1 | C77: 天赋2 | D77: 天赋3 | E77: 天赋1 | F77: 天赋2 | G77: 天赋3 | H77: 天赋1-佣兵加成：增加佣兵技能韧性25%。
B78: 120 | C78: 400 | D78: 600 | E78: 750 | F78: 2700 | G78: 2525 | H78: 天赋2-人物加成：增加人物技能韧性20%。
B79: 触发条件：战斗开始后立即触发。 技能-鹤鸣九霄：增加自身力量、敏捷和速度值50【12】%，被对手攻击时无视对手忽略回合和只能使用空手攻击效果，持续3回合。 | H79: 天赋3-空舞术：被对手使用技能攻击时，如果陷入忽略回合状态有30%概率直接清楚所有忽略回合效果。鹤仙人佣兵上阵后生效，持续整场战斗。
A83: 名称 | B83: 佣兵碎片消耗 | E83: 天赋丹总消耗 | H83: 满级天赋效果
A84: 守· 豆油队长 激活碎片 36 | B84: 天赋1 | C84: 天赋2 | D84: 天赋3 | E84: 天赋1 | F84: 天赋2 | G84: 天赋3 | H84: 天赋1-佣兵加成：增加佣兵技能韧性25%。
B85: 120 | C85: 400 | D85: 600 | E85: 750 | F85: 2700 | G85: 2525 | H85: 天赋2-人物加成：增加人物抗投掷武器韧性20%。
B86: 触发条件：战斗开始后立即触发。 技能-队长降临：增加自身武器抗穿透50【12】%，被对手攻击时无视对手忽略回合效果和武器暴击效果（必暴除外），持续3回合。 | H86: 天赋3-振金之盾：被对手的佣兵反弹伤害时，忽略30%反弹比例效果。豆油队长佣兵上阵后生效，持续整场战斗。
A90: 名称 | B90: 佣兵碎片消耗 | E90: 天赋丹总消耗 | H90: 满级天赋效果
A91: 媚· 东方不败 激活碎片 30 | B91: 天赋1 | C91: 天赋2 | D91: 天赋3 | E91: 天赋1 | F91: 天赋2 | G91: 天赋3 | H91: 天赋1-佣兵加成：增加佣兵技能抗韧性25%。
B92: 120 | C92: 200 | D92: 600 | E92: 750 | F92: 1350 | G92: 2525 | H92: 天赋2-人物加成：增加人物速度值20点。
B93: 触发条件：战斗开始后立即触发。 技能-绣花针法：降低对手闪避率50【12】%，绣花针的束缚使对手拿不出武器，持续3回合。 | H93: 天赋3-葵花神功：被对手使用武器攻击时，如果陷入忽略回合状态有30%概率直接清除所有忽略回合效果。东方不败佣兵上阵后生效，持续整场战斗。
A97: 名称 | B97: 佣兵碎片消耗 | E97: 天赋丹总消耗 | H97: 满级天赋效果
A98: 跃· 锦鲤仙人 激活碎片 30 | B98: 天赋1 | C98: 天赋2 | D98: 天赋3 | E98: 天赋1 | F98: 天赋2 | G98: 天赋3 | H98: 天赋1-佣兵加成：增加佣兵技能减伤百分比25%。
B99: 120 | C99: 200 | D99: x | E99: 372 | F99: 1014 | G99: x | H99: 天赋2-人物加成：增加人物生命值150点。
B100: 触发条件：战斗开始后立即触发。 技能-鱼跃龙门：有100【43】%概率丢掉对手2把武器（优先觉醒武器），被对手攻击时无视对手忽略回合效果，持续3回合。 | H100: 天赋3-无
A104: 名称 | B104: 佣兵碎片消耗 | E104: 天赋丹总消耗 | H104: 满级天赋效果
A105: 盾·钢铁侠 激活碎片 30 | B105: 天赋1 | C105: 天赋2 | D105: 天赋3 | E105: 天赋1 | F105: 天赋2 | G105: 天赋3 | H105: 天赋1-佣兵加成：增加佣兵技能伤害百分比25%。
B106: 120 | C106: 200 | D106: x | E106: 372 | F106: 1014 | G106: x | H106: 天赋2-人物加成：增加人物生命值150点。
B107: 触发条件：战斗开始后立即触发。 技能-装甲战衣：坚固的装甲给予玩家防御守护，在受到2次伤害后或承受生命值上限千分之300【110】的伤害后消失。 | H107: 天赋3-无
A111: 名称 | B111: 佣兵碎片消耗 | E111: 天赋丹总消耗 | H111: 满级天赋效果
A112: 瑞·鹿仙人 激活碎片 30 | B112: 天赋1 | C112: 天赋2 | D112: 天赋3 | E112: 天赋1 | F112: 天赋2 | G112: 天赋3 | H112: 天赋1-佣兵加成：增加佣兵技能伤害固定值50点。
B113: 120 | C113: 400 | D113: x | E113: 372 | F113: 1350 | G113: x | H113: 天赋2-人物加成：增加人物敏捷值20%。
B114: 触发条件：战斗开始后立即触发。 技能-鹿游九天：增加自己技能抗韧性千分之300【110】，被对手攻击时无视其忽略回合和只能使用技能攻击的效果，持续3回合。 | H114: 天赋3-无
A118: 名称 | B118: 佣兵碎片消耗 | E118: 天赋丹总消耗 | H118: 满级天赋效果
A119: 防·我爱鹅 激活碎片 30 | B119: 天赋1 | C119: 天赋2 | D119: 天赋3 | E119: 天赋1 | F119: 天赋2 | G119: 天赋3 | H119: 天赋1-佣兵加成：增加佣兵技能伤害百分比25%。
B120: 120 | C120: 400 | D120: 600 | E120: 372 | F120: 1350 | G120: 2525 | H120: 天赋2-人物加成：增加人物力量值20点。
B121: 触发条件：战斗开始后立即触发。 技能-绝对防御：有100【43】%概率反弹首次受到的控制效果，最多触发1次。 | H121: 天赋3-守鹤祝福：被对手使用武器攻击时，有30%概率减免5%伤害。我爱鹅佣兵上阵后生效，持续整场战斗。
A125: 名称 | B125: 佣兵碎片消耗 | E125: 天赋丹总消耗 | H125: 满级天赋效果
...

Sheet 神将综合
A1: 神将综合 | B1: 大型武器专属神将 | E1: 中型武器专属神将 | H1: 小型武器专属神将 | K1: 投掷武器专属神将
A2: 神将月卡 | B2: 冠军炫炫 | C2: 雷神托尔 | D2: 盘古 | E2: 灭世 | F2: 帝辛 | G2: 神将天蓬 | H2: 女帝武则天 | I2: 菜菜大侠 | J2: 神将红莲 | K2: 豪华午餐 | L2: 天才樱木 | M2: 爆风9C
B3: 燕人张飞 | C3: 项羽 | D3: 海王波塞冬 | E3: 帅帅大侠 | F3: 汉皇刘邦 | G3: 神将郭靖 | H3: 诗仙李白 | I3: 嬴政 | J3: 姜子牙 | K3: 神将虚日鼠 | L3: 可乐游侠 | M3: 鹅卡西
B4: 光明圣骑士 | C4: 武圣关羽 | D4: 新春游侠 | E4: 哪吒 | F4: 神将周 | G4: 神将猎魔人 | H4: 机甲战士 | I4: 雀星宿 | J4: 小丑 | K4: 贵妃杨玉环 | L4: 神将奥丁 | M4: 幻神洛基
B5: 死亡骑士 | C5: 温侯吕布 | D5: 金毛狮王 | E5: x | F5: 熊猫潘达 | G5: 倚天剑 | H5: 死神 | I5: x | J5: x | K5: x | L5: x | M5: x
B6: 剑君大侠 | C6: x | D6: x | E6: x | F6: x | G6: x | H6: x | I6: x | J6: x | K6: x | L6: x | M6: x
A8: 神将组合 | B8: 当前共41种神将，共21种组合
A9: 名称 | B9: 百战武圣=温侯吕布+武圣关羽 | E9: 侠之大者=帅帅+菜菜+剑君 | H9: 藏龙卧虎=熊猫潘达+金毛狮王 | K9: 擎天驾海=雷神托尔+海王波塞冬
A10: 属性 | B10: 武器穿透5% | E10: 技能韧性5%、技能抗韧5% | H10: 技能暴击30%、技能暴伤50% | K10: 武器暴伤50%、武器暴减50%
A11: 名称 | B11: 毁天灭地=灭世+女帝武则天 | E11: 创世科技=盘古+机甲战士 | H11: 百鬼众魅=死神+死亡骑士 | K11: 封神之战=哪吒+姜子牙
A12: 属性 | B12: 全部增伤10%、全部暴击15% | E12: 全部抗穿5% | H12: 全部减伤10%、全部抗暴15% | K12: 技能暴减50%、武器暴击30%
A13: 名称 | B13: 楚河汉界=项羽+汉皇刘邦 | E13: 国色天香=女帝武则天+贵妃杨玉环 | H13: 黎明破晓=诗仙李白+祸乱之源小丑 | K13: 乐斗先锋=冠军炫炫+天才樱木
A14: 属性 | B14: 生命20%、力量20%、敏捷20% | E14: 武器韧性5% | H14: 武器命中5%、武器闪避5% | K14: 武器增伤5%、武器减伤5%
A15: 名称 | B15: 千古一帝=帝辛+蠃政 | E15: 动漫乱斗=鹅卡西+神将红莲 | H15: 深渊之潮=神将猎魔人+光明圣骑士 | K15: 信念传承=新春游侠+可乐游侠
A16: 属性 | B16: 技能减伤12%、技能抗暴12% | E16: 小型穿透6%、投掷穿透6% | H16: 速度12、真伤12 | K16: 武器韧性6%、技能抗韧6%
A17: 名称 | B17: 位面乱舞=雀星宿+神将天蓬 | E17: 龙飞凤舞=神将周+神将虚日鼠 | H17: 力破万钧=神将奥丁+燕人张飞 | K17: 战魂无双=神将郭靖+爆风9C
A18: 属性 | B18: 武器抗韧6%、技能韧性6% | E18: 速度10、力量10、敏捷10 | H18: 武器增伤5%、真伤12 | K18: 武器抗韧/减伤5%、技能增伤12%
A19: 名称 | B19: 神魔共舞=幻神洛基+神将？
A20: 属性 | B20: 小型抗穿6%、投掷抗穿6%、力量10
A22: 神将月卡 | B22: 1月 | C22: 2月 | D22: 3月 | E22: 4月 | F22: 5月 | G22: 6月 | H22: 7月 | I22: 8月 | J22: 9月 | K22: 10月 | L22: 11月 | M22: 12月
A23: 2021年 | B23: 狮王 | C23: 熊猫双倍 | D23: 雷神 | E23: 炫炫 | F23: 海王 | G23: 灭世双倍 | H23: 李白双倍 | I23: 雷神 | J23: 海王 | K23: 女帝双倍 | L23: 灭世 | M23: 雷神
A24: 2022年 | B24: 海王 | C24: 灭世双倍 | D24: 女帝双倍 | E24: 雷神 | F24: 灭世双倍 | G24: 女帝双倍 | H24: 雷神双倍 | I24: 海王双倍 | J24: 灭世双倍 | K24: 女帝双倍 | L24: 海王双倍 | M24: 剑君双倍
A25: 2023年 | B25: 雷神双倍 | C25: 灭世双倍 | D25: 海王双倍 | E25: 女帝双倍 | F25: 雷神双倍 | G25: 灭世双倍 | H25: 女帝双倍 | I25: 海王双倍 | J25: 雷神双倍 | K25: 灭世双倍 | L25: 女帝双倍 | M25: 海王双倍
A26: 2024年 | B26: 雷神双倍 | C26: 灭世双倍 | D26: 女帝双倍 | E26: 海王双倍 | F26: 雷神双倍 | G26: 灭世双倍 | H26: 女帝双倍 | I26: 海王双倍 | J26: 雷神双倍 | K26: 灭世双倍 | L26: 女帝双倍 | M26: 海王双倍
A27: 2025年 | B27: 雷神双倍 | C27: 灭世双倍 | D27: 女帝双倍 | E27: 吕布双倍 | F27: 关羽双倍 | G27: 灭世三倍 | H27: 女帝双倍 | I27: 海王双倍 | J27: 炫炫双倍 | K27: 关羽三倍 | L27: 灭世双倍 | M27: 雷神双倍
A28: 2026年 | B28: 雷神/灭世/女帝/海王/吕布5选2双倍(2月三倍) | F28: 新增哪吒 | G28: 6选2三倍 | H28: 6选2双倍
A30: 温侯吕布 | B30: 被动属性 | C30: 天赋点 | D30: 技能抗韧 | E30: 大型抗韧 | F30: 中型抗韧 | G30: 小型抗韧 | H30: 投掷抗韧 | I30: 武器属性-天赋分支1
A31: 专属武器 方天画戟 真·方天画戟 | B31: LV0 | C31: 1 | D31: 1% | E31: x | F31: x | G31: x | H31: x | I31: 消耗 天赋点1 | J31: 基础共鸣：增加专属武器20点基础伤害
B32: LV1 | C32: 1 | D32: 2% | E32: 1% | F32: x | G32: x | H32: x
B33: LV2 | C33: 1 | D33: 3% | E33: 1% | F33: 1% | G33: x | H33: x | I33: 消耗 天赋点2 | J33: 中级共鸣：增加专属武器30点基础伤害
B34: LV3 | C34: 3 | D34: 4% | E34: 2% | F34: 2% | G34: x | H34: x
B35: LV4 | C35: 4 | D35: 5% | E35: 3% | F35: 3% | G35: 3% | H35: x | I35: 消耗 天赋点3 | J35: 高级共鸣：增加专属武器50点基础伤害
B36: LV5 | C36: 8 | D36: 5% | E36: 5% | F36: 5% | G36: 5% | H36: 5%
A37: 碎片需求 | B37: 充能属性-战斗技能-持续整场战斗-温侯变身 | I37: 武器属性-天赋分支2
A38: 200 | B38: LV0：降低对手武器暴击伤害60%，降低对手武器吸血比例60% | I38: 消耗 天赋点1 | J38: 凶性：暴击率增加15%
A39: 150 | B39: LV1：降低对手武器暴击伤害62%，降低对手武器吸血比例62%
A40: 300 | B40: LV2：降低对手武器暴击伤害65%，降低对手武器吸血比例65% | I40: 消耗 天赋点2 | J40: 杀意：暴击伤害增加25%
A41: 500 | B41: LV3：降低对手武器暴击伤害69%，降低对手武器吸血比例69%
A42: 900 | B42: LV4：降低对手武器暴击伤害74%，降低对手武器吸血比例74% | I42: 消耗 天赋点3 | J42: 嗜血杀戮：无视对手抗暴击伤害50%
A43: 1500 | B43: LV5：降低对手武器暴击伤害80%，降低对手武器吸血比例80%
A44: 战斗力 | B44: 充能属性-变身技能-空手攻击生效-天下无双 | I44: 武器属性-天赋分支3
A45: 3 | B45: LV0： 70%忽略门派和佣兵反弹，无视对手抗空手穿透，不能被反击 | I45: 消耗 天赋点1 | J45: 双耳：不会被扔出
A46: 5 | B46: LV1： 75%忽略门派和佣兵反弹，无视对手抗空手穿透，不能被反击
A47: 10 | B47: LV2： 80%忽略门派和佣兵反弹，无视对手抗空手穿透，不能被反击 | I47: 消耗 天赋点2 | J47: 焚烧：命中对手时，禁止其触发门派防御技能
A48: 20 | B48: LV3： 85%忽略门派和佣兵反弹，无视对手抗空手穿透，不能被反击
A49: 32 | B49: LV4： 90%忽略门派和佣兵反弹，无视对手抗空手穿透，不能被反击 | I49: 消耗 天赋点3 | J49: 煞戾：命中对手后，禁止其触发吸血持续3回合
A50: 55 | B50: LV5：100%忽略门派和佣兵反弹，无视对手抗空手穿透，不能被反击
A52: 武圣关羽 | B52: 被动属性 | C52: 天赋点 | D52: 技能韧性 | E52: 大型韧性 | F52: 中型韧性 | G52: 小型韧性 | H52: 投掷韧性 | I52: 武器属性-天赋分支1
A53: 专属武器 青龙偃月刀 神·青龙偃月 | B53: LV0 | C53: 1 | D53: 1% | E53: x | F53: x | G53: x | H53: x | I53: 消耗 天赋点1 | J53: 基础共鸣：增加专属武器20点基础伤害 使用青龙偃月刀可以变身神将形象
B54: LV1 | C54: 1 | D54: 2% | E54: 1% | F54: x | G54: x | H54: x
B55: LV2 | C55: 1 | D55: 3% | E55: 1% | F55: 1% | G55: x | H55: x | I55: 消耗 天赋点2 | J55: 中级共鸣：增加专属武器30点基础伤害 使用神·青龙偃月可以变身神将形象
B56: LV3 | C56: 3 | D56: 4% | E56: 2% | F56: 2% | G56: x | H56: x
B57: LV4 | C57: 4 | D57: 5% | E57: 3% | F57: 3% | G57: 3% | H57: x | I57: 消耗 天赋点3 | J57: 高级共鸣：增加专属武器50点基础伤害
B58: LV5 | C58: 8 | D58: 5% | E58: 5% | F58: 5% | G58: 5% | H58: 5%
A59: 碎片需求 | B59: 充能属性-战斗技能-持续整场战斗-武圣变身 | I59: 武器属性-天赋分支2
A60: 200 | B60: LV0：增加自身手持武器连击率20%，增加自身手持武器命中率20% | I60: 消耗 天赋点1 | J60: 美髯：命中率增加15%
A61: 150 | B61: LV1：增加自身手持武器连击率22%，增加自身手持武器命中率22%
A62: 300 | B62: LV2：增加自身手持武器连击率24%，增加自身手持武器命中率24% | I62: 消耗 天赋点2 | J62: 武圣：手持武器减伤增加25%
A63: 500 | B63: LV3：增加自身手持武器连击率26%，增加自身手持武器命中率26%
A64: 900 | B64: LV4：增加自身手持武器连击率28%，增加自身手持武器命中率28% | I64: 消耗 天赋点3 | J64: 三绝：无视格挡、反击、反弹
A65: 1500 | B65: LV5：增加自身手持武器连击率30%，增加自身手持武器命中率30%
A66: 战斗力 | B66: 充能属性-变身技能-空手攻击生效-青龙偃月 | I66: 武器属性-天赋分支3
A67: 3 | B67: LV0： 70%忽略门派和佣兵反弹，无视霸气，不能被反击 | I67: 消耗 天赋点1 | J67: 灿霜：不会被扔出
A68: 5 | B68: LV1： 75%忽略门派和佣兵反弹，无视霸气，不能被反击
A69: 10 | B69: LV2： 80%忽略门派和佣兵反弹，无视霸气，不能被反击 | I69: 消耗 天赋点2 | J69: 半弦月：触发连击第一次攻击未命中第2次命中增加50%
A70: 20 | B70: LV3： 85%忽略门派和佣兵反弹，无视霸气，不能被反击
A71: 32 | B71: LV4： 90%忽略门派和佣兵反弹，无视霸气，不能被反击 | I71: 消耗 天赋点3 | J71: 冷艳锯：专属武器获得优先选中效果
A72: 55 | B72: LV5：100%忽略门派和佣兵反弹，无视霸气，不能被反击
A74: 帅帅大侠 | B74: 被动属性 | C74: 天赋点 | D74: 武器暴击 | E74: 武器暴伤 | I74: 武器属性-天赋分支1
A75: 专属武器 龙武之魂 神·双截棍 | B75: LV0 | C75: 1 | D75: 3% | E75: x | F75: x | G75: x | H75: x | I75: 消耗 天赋点1 | J75: 基础共鸣：增加专属武器20点基础伤害， 使用龙武之魂可以变身神将形象
B76: LV1 | C76: 1 | D76: 5% | E76: 5% | F76: x | G76: x | H76: x
B77: LV2 | C77: 1 | D77: 10% | E77: 10% | F77: x | G77: x | H77: x | I77: 消耗 天赋点2 | J77: 中级共鸣：增加专属武器30点基础伤害
B78: LV3 | C78: 3 | D78: 15% | E78: 15% | F78: x | G78: x | H78: x
B79: LV4 | C79: 4 | D79: 20% | E79: 30% | F79: x | G79: x | H79: x | I79: 消耗 天赋点3 | J79: 高级共鸣：增加专属武器50点基础伤害
B80: LV5 | C80: 8 | D80: 30% | E80: 50% | F80: x | G80: x | H80: x
A81: 碎片需求 | B81: 充能属性-战斗技能-持续整场战斗-精武英雄 | I81: 武器属性-天赋分支2
A82: 100 | B82: LV0：增加自身基础力量15%，增加自身手持武器10%被击反击 | I82: 消耗 天赋点1 | J82: 基础帅魂：专属武器上镶嵌的帅帅魂珠，其加成的暴击率额外提高10%
A83: 100 | B83: LV1：增加自身基础力量16%，增加自身手持武器12%被击反击
A84: 250 | B84: LV2：增加自身基础力量17%，增加自身手持武器14%被击反击 | I84: 消耗 天赋点2 | J84: 中级帅魂：专属武器上镶嵌的帅帅魂珠，其加成的暴击率额外提高20%
A85: 500 | B85: LV3：增加自身基础力量18%，增加自身手持武器16%被击反击
A86: 750 | B86: LV4：增加自身基础力量19%，增加自身手持武器18%被击反击 | I86: 消耗 天赋点3 | J86: 高级帅魂：专属武器上镶嵌的帅帅魂珠，其加成的暴击率额外提高30%
A87: 1000 | B87: LV5：增加自身基础力量20%，增加自身手持武器20%被击反击
A88: 战斗力 | B88: 充能属性-变身技能-空手攻击生效-双截棍 | I88: 武器属性-天赋分支3
A89: 1.5 | B89: LV0： 30%忽略门派和佣兵反弹 | I89: 消耗 天赋点1 | J89: 壁虎：命中率增加15%
A90: 3 | B90: LV1： 30%忽略门派和佣兵反弹
A91: 7 | B91: LV2： 35%忽略门派和佣兵反弹 | I91: 消耗 天赋点2 | J91: 精武：无视反击，不会被扔出
A92: 15 | B92: LV3： 40%忽略门派和佣兵反弹
A93: 25 | B93: LV4： 45%忽略门派和佣兵反弹 | I93: 消耗 天赋点3 | J93: 帅气一击：如果力量高于对手，本次攻击必中
A94: 40 | B94: LV5： 50%忽略门派和佣兵反弹
A96: 菜菜大侠 | B96: 被动属性 | C96: 天赋点 | D96: 治疗效果 | E96: 技能命中 | F96: 技能闪避 | I96: 武器属性-天赋分支1
A97: 专属武器 佛跳墙 神·电饭煲 | B97: LV0 | C97: 1 | D97: 10% | E97: x | F97: x | G97: x | H97: x | I97: 消耗 天赋点1 | J97: 基础共鸣：增加专属武器20点基础伤害， 使用佛跳墙可以变身神将形象
B98: LV1 | C98: 1 | D98: 20% | E98: 5% | F98: x | G98: x | H98: x
B99: LV2 | C99: 1 | D99: 30% | E99: 10% | F99: 10% | G99: x | H99: x | I99: 消耗 天赋点2 | J99: 中级共鸣：增加专属武器30点基础伤害， 使用神·电饭煲可以变身神将形象
B100: LV3 | C100: 3 | D100: 40% | E100: 30% | F100: 30% | G100: x | H100: x
B101: LV4 | C101: 4 | D101: 50% | E101: 45% | F101: 45% | G101: x | H101: x | I101: 消耗 天赋点3 | J101: 高级共鸣：增加专属武器50点基础伤害
B102: LV5 | C102: 8 | D102: 60% | E102: 60% | F102: 60% | G102: x | H102: x
A103: 碎片需求 | B103: 充能属性-战斗技能-持续整场战斗-秀色可餐 | I103: 武器属性-天赋分支2
A104: 100 | B104: LV0：增加自身基础生命15%，增加自身手持武器10%闪避反击 | I104: 消耗 天赋点1 | J104: 基础菜魂：专属武器上镶嵌的菜菜魂珠，其加成的命闪额外提高10%
A105: 100 | B105: LV1：增加自身基础生命16%，增加自身手持武器12%闪避反击
A106: 250 | B106: LV2：增加自身基础生命17%，增加自身手持武器14%闪避反击 | I106: 消耗 天赋点2 | J106: 中级菜魂：专属武器上镶嵌的菜菜魂珠，其加成的命闪额外提高20%
...

Sheet 武器综合
A1: 武器综合 | B1: 大型武器 | E1: 中型武器 | H1: 小型武器 | K1: 投掷武器 | N1: 打桩相关设定
A2: 武器觉醒 | B2: 祥云火炬 | C2: 雷神之锤 | D2: 盘古开天斧 | E2: 砖家之怒 | F2: 大夏龙雀 | G2: 九齿钉耙 | H2: 传说之杖 | I2: 佛跳墙 | J2: 合金钻头 | K2: 豪华午餐 | L2: 我的篮球鞋 | M2: 核弹 | N2: 破军力量 | O2: 25% | P2: 奥义次数 | Q2: 3
B3: 降妖宝杖 | C3: 盘龙之戟 | D3: 海洋之心 | E3: 龙武之魂 | F3: 龙脊 | G3: 射雕神弓 | H3: 光剑 | I3: 鸭爪叉 | J3: 钟馗道剑 | K3: 王牌飞行鼠 | L3: 可乐终结者 | M3: 螺旋手里剑 | N3: 混沌力量 | O3: 0% | P3: 奥义速度 | Q3: 100%
B4: 蒸汽重锤 | C4: 青龙偃月刀 | D4: 加特林 | E4: 穿刺之枪 | F4: 老虎凳 | G4: 双持狂战斧 | H4: 月光宝盒 | I4: 沙漠之鹰 | J4: 蛟龙水枪 | K4: 奇妙种子 | L4: 贯星长枪 | M4: 老虎鸡 | N4: 溯游敏捷 | O4: 21% | P4: 溯游速度 | Q4: 7%
B5: 死神之镰 | C5: 方天画戟 | D5: 屠龙刀 | E5: x | F5: 打狗棒 | G5: 倚天剑 | H5: 生死簿 | I5: x | J5: x | K5: x | L5: 玲珑宝塔 | M5: 缚龙仙绳 | N5: 灵动敏捷 | O5: 0% | P5: 灵动速度 | Q5: 0%
B6: 真斗战神剑 | C6: x | D6: 定海神针 | E6: 北斗七星 | F6: 圣道之剑 | G6: 死亡之翼 | H6: x | I6: 黄金酒桶 | J6: 万磁头盔 | K6: x | L6: 暴雨梨花针 | M6: 扑克王 | N6: 武器状态 | O6: 平均输出 | P6: 攻击次数 | Q6: 武器连击
A7: 强化祝福详情：1~4星必成，一部分4升5星必成，另一部分4升5星不降级（装死和封印祭坛的4把武器不参与活动）。
A8: 武器分类 | B8: 名称 | C8: 获取途径 | D8: 基础伤害 | E8: 消耗及属性（此表包含剩余所有不可觉醒的武器） | N8: 打桩计算 | O8: 暴击伤害 | P8: 增伤比例 | Q8: 附加伤害
A9: 中型武器 | B9: 霹雳鞭 | C9: 斗神塔 | D9: 20-25 | E9: 收集 5 颗1级万灵石。有 30 %的概率在攻击中附带10%的吸血效果。 | N9: 大武 | O9: 550% | P9: 350% | Q9: 1200
A10: 中型武器 | B10: 蚀骨鞭 | C10: 斗神塔 | D10: 25-30 | E10: 收集 5 颗2级万灵石。有 30 %的概率在攻击中附带15%的吸血效果。 | N10: 中武 | O10: 550% | P10: 350% | Q10: 1200
A11: 中型武器 | B11: 混元金钩 | C11: 斗神塔 | D11: 30-35 | E11: 收集 7 颗3级万灵石。有 30 %的概率在攻击中附带20%的吸血效果。 | N11: 小武 | O11: 550% | P11: 350% | Q11: 1200
A12: 中型武器 | B12: 锁魂藤 | C12: 斗神塔 | D12: 35-40 | E12: 收集10颗4级万灵石。有 30 %的概率在攻击中附带30%的吸血效果。 | N12: 投掷 | O12: 550% | P12: 350% | Q12: 1200
A13: 中型武器 | B13: 游龙惊鸿 | C13: 斗神塔 | D13: 45-50 | E13: 收集15颗5级万灵石。有 30 %的概率在攻击中附带40%的吸血效果。 | N13: 力量 | O13: 1100 | P13: 固定伤害 | Q13: 1000
A14: 中型武器 | B14: 仙人指路 | C14: 斗神塔 | D14: 60-65 | E14: 收集30颗6级万灵石。有 30 %的概率在攻击中附带60%的吸血效果。 | N14: 敏捷 | O14: 750 | P14: 真实伤害 | Q14: 100
A15: 中型武器 | B15: 雷霆万钧 | C15: 斗神塔 | D15: 63-68 | E15: 收集60颗7级万灵石。有 50 %的概率在攻击中附带60%的吸血效果，命中提升10%。 | N15: 速度 | O15: 1500 | P15: 扔武伤害 | Q15: 18%
A16: 中型武器 | B16: 五雷轰顶 | C16: 斗神塔 | D16: 65-70 | E16: 能量 3000 点以上，每日消耗288点。有 60 %的概率在攻击中附带60%的吸血效果，命中提升50%。 | N16: 生命 | O16: 15000
A17: 中型武器 | B17: 北斗七星 | C17: 斗神塔 | D17: 65-70 | E17: 能量10000点以上，每日消耗864点。有100%的概率在攻击中附带60%的吸血效果，必中。 | N17: 等级 | O17: 170
A18: 中型武器 | B18: 桃木扇 | C18: 抢地盘 | D18: 30-50 | E18: 消耗 2 个桃木扇骨兑换1天。15%的几率2.0倍暴击，命中提升10%，忽略装死，无视大海。
A19: 中型武器 | B19: 玄铁扇 | C19: 抢地盘 | D19: 35-60 | E19: 消耗 5 个玄铁扇骨兑换1天。15%的几率2.5倍暴击，命中提升15%，忽略装死，无视大海。
A20: 中型武器 | B20: 秋风孤叶扇 | C20: 抢地盘 | D20: 40-70 | E20: 消耗10个孤叶扇骨兑换1天。15%的几率3.0倍暴击，命中提升20%，忽略装死，无视大海。
A21: 投掷武器 | B21: 新春鞭炮 | C21: 春节充能 | D21: 50-50 | E21: 节日消耗20时之沙充能1天。优先选中，必中，暴击概率50%，忽略1回合。
A22: 小型武器 | B22: 劳动节扫把 | C22: 五一充能 | D22: 50-50 | E22: 节日消耗20时之沙充能1天。优先选中，必中，连击概率50%，忽略1回合。
A23: 小型武器 | B23: 乐斗拳套 | C23: 周年充能 | D23: 50-50 | E23: 节日消耗20时之沙充能1天。优先选中，必中，伤害提升50%，忽略1回合。
A24: 中型武器 | B24: 冰镇西瓜 | C24: 八月充能 | D24: 50-50 | E24: 活动消耗20时之沙充能1天。优先选中，必中，降低对手力量80%持续3回合，忽略1回合。
A25: 小型武器 | B25: 圣诞棒棒糖 | C25: 圣诞充能 | D25: 50-50 | E25: 节日消耗20时之沙充能1天。优先选中，必中，附带对手当前生命10%的额外伤害，忽略1回合。
A26: 大型武器 | B26: 邪·霸皇 | C26: 许愿帮铺 | D26: 75-95 | E26: 消耗129许愿点。优先选中，必中，必暴击，无视反弹，15%忽略1回合。神技同神·霸皇。
A27: 中型武器 | B27: 魔·命运枪 | C27: 许愿帮铺 | D27: 75-95 | E27: 消耗119许愿点。优先选中，100%连击，忽略装死、皮糙，命中暴击提升30%持续3回合。神技同神·命运之枪。
A28: 小型武器 | B28: 幻·月光炮 | C28: 许愿帮铺 | D28: 75-85 | E28: 消耗109许愿点。优先选中，必中，必暴击，无视大海、霸气，忽略1回合，伤害提升80%。神技同神·月光炮。
A29: 投掷武器 | B29: 灵·霸天鼠 | C29: 许愿帮铺 | D29: 55-85 | E29: 消耗 99许愿点。优先选中，必中，降低对手闪避50%持续2回合。神技同神·霸天鼠。
... A43: 大型武器 | B43: 真·方天画戟 | C43: 消费排行 | D43: 75-100 | E43: 必中，忽略装死，不会被反击，无视反弹、霸气，忽略2回合，下回合攻击必中。
A45: 武器觉醒 | B45: 条目 | C45: 0阶 | D45: 1阶 | E45: 2阶 | F45: 3阶 | G45: 4阶 | H45: 5阶 | I45: 6阶 | J45: 7阶 | K45: 8阶 | L45: 9阶 | M45: 10阶
A46: 百炼钢 觉醒档次1 | B46: 战斗力 | C46: 0 | D46: 0.1 | E46: 0.3 | F46: 0.5 | G46: 1.4 | H46: 1.9 | I46: 2.5 | J46: 4.8 | K46: 5.9 | L46: 7.2 | M46: 9
B47: 祝福值 | C47: 4 | D47: 6 | E47: 16 | F47: 28 | G47: 44 | H47: 62 | I47: 80 | J47: 100 | K47: 132 | L47: 200 | M47: x
B48: 单次材料 | C48: 1 | D48: 2 | E48: 3 | F48: 4 | G48: 5 | H48: 6 | I48: 7 | J48: 8 | K48: 10 | L48: 12 | M48: 材料总计
B49: 满祝材料 | C49: =ROUNDUP((C47/2+1),0)*C48 | D49: =ROUNDUP((D47/2+1),0)*D48 | E49: =ROUNDUP((E47/2+1),0)*E48 | F49: =ROUNDUP((F47/2+1),0)*F48 | G49: =ROUNDUP((G47/2+1),0)*G48 | H49: =ROUNDUP((H47/2+1),0)*H48 | I49: =ROUNDUP((I47/2+1),0)*I48 | J49: =ROUNDUP((J47/2+1),0)*J48 | ... L49: =ROUNDUP((L47/2+1),0)*L48 | M49: =SUM(B49:L49)
A50: 淬火结晶 觉醒档次1 | B50: 战斗力 | C50: 0 | D50: 0.1 | E50: 0.3 | F50: 0.5 | G50: 1.7 | H50: 2.3 | I50: 3 | J50: 5.8 | K50: 7 | L50: 8.6 | M50: 10.8
B51: 祝福值 | C51: 4 | D51: 6 | E51: 10 | F51: 22 | G51: 36 | H51: 46 | I51: 66 | J51: 80 | K51: 100 | L51: 132 | M51: x
B52: 单次材料 | C52: 1 | D52: 2 | E52: 3 | F52: 4 | G52: 5 | H52: 6 | I52: 7 | J52: 8 | K52: 9 | L52: 10 | M52: 材料总计
B53: 满祝材料 | C53: =ROUNDUP((C51/2+1),0)*C52 | D53: =ROUNDUP((D51/2+1),0)*D52 | E53: =ROUNDUP((E51/2+1),0)*E52 | F53: =ROUNDUP((F51/2+1),0)*F52 | G53: =ROUNDUP((G51/2+1),0)*G52 | H53: =ROUNDUP((H51/2+1),0)*H52 | I53: =ROUNDUP((I51/2+1),0)*I52 | J53: =ROUNDUP((J51/2+1),0)*J52 | ... L53: =ROUNDUP((L51/2+1),0)*L52 | M53: =SUM(B53:L53)
A54: 淬火结晶 觉醒档次2 | B54: 战斗力 | C54: 0 | D54: 0.1 | E54: 0.3 | F54: 0.6 | G54: 1.9 | H54: 2.5 | I54: 3.3 | J54: 6.4 | K54: 7.8 | L54: 9.6 | M54: 12
B55: 祝福值 | C55: 4 | D55: 6 | E55: 16 | F55: 28 | G55: 44 | H55: 62 | I55: 80 | J55: 100 | K55: 132 | L55: 160 | M55: x
B56: 单次材料 | C56: 1 | D56: 2 | E56: 3 | F56: 4 | G56: 5 | H56: 6 | I56: 7 | J56: 8 | K56: 9 | L56: 10 | M56: 材料总计
B57: 满祝材料 | C57: =ROUNDUP((C55/2+1),0)*C56 | D57: =ROUNDUP((D55/2+1),0)*D56 | E57: =ROUNDUP((E55/2+1),0)*E56 | F57: =ROUNDUP((F55/2+1),0)*F56 | G57: =ROUNDUP((G55/2+1),0)*G56 | H57: =ROUNDUP((H55/2+1),0)*H56 | I57: =ROUNDUP((I55/2+1),0)*I56 | J57: =ROUNDUP((J55/2+1),0)*J56 | ... L57: =ROUNDUP((L55/2+1),0)*L56 | M57: =SUM(B57:L57)
A58: 淬火结晶 觉醒档次3 | B58: 战斗力 | C58: 0 | D58: 0.2 | E58: 0.4 | F58: 0.8 | G58: 2.3 | H58: 3.2 | I58: 4.2 | J58: 8 | K58: 9.8 | L58: 12 | M58: 15
B59: 祝福值 | C59: 4 | D59: 6 | E59: 16 | F59: 28 | G59: 44 | H59: 62 | I59: 80 | J59: 100 | K59: 132 | L59: 160 | M59: x
B60: 单次材料 | C60: 1 | D60: 2 | E60: 3 | F60: 4 | G60: 6 | H60: 8 | I60: 10 | J60: 12 | K60: 14 | L60: 16 | M60: 材料总计
B61: 满祝材料 | C61: =ROUNDUP((C59/2+1),0)*C60 | D61: =ROUNDUP((D59/2+1),0)*D60 | E61: =ROUNDUP((E59/2+1),0)*E60 | F61: =ROUNDUP((F59/2+1),0)*F60 | G61: =ROUNDUP((G59/2+1),0)*G60 | H61: =ROUNDUP((H59/2+1),0)*H60 | I61: =ROUNDUP((I59/2+1),0)*I60 | J61: =ROUNDUP((J59/2+1),0)*J60 | ... L61: =ROUNDUP((L59/2+1),0)*L60 | M61: =SUM(C61:L61)
A62: 淬火结晶 觉醒档次4 | B62: 战斗力 | C62: 0 | D62: 0.2 | E62: 0.5 | F62: 0.9 | G62: 2.8 | H62: 3.8 | I62: 5 | J62: 9.6 | K62: 11.7 | L62: 14.4 | M62: 18
B63: 祝福值 | C63: 4 | D63: 6 | E63: 16 | F63: 28 | G63: 44 | H63: 62 | I63: 80 | J63: 100 | K63: 132 | L63: 200 | M63: x
B64: 单次材料 | C64: 1 | D64: 2 | E64: 4 | F64: 6 | G64: 8 | H64: 10 | I64: 12 | J64: 14 | K64: 17 | L64: 20 | M64: 材料总计
B65: 满祝材料 | C65: =ROUNDUP((C63/2+1),0)*C64 | D65: =ROUNDUP((D63/2+1),0)*D64 | E65: =ROUNDUP((E63/2+1),0)*E64 | F65: =ROUNDUP((F63/2+1),0)*F64 | G65: =ROUNDUP((G63/2+1),0)*G64 | H65: =ROUNDUP((H63/2+1),0)*H64 | I65: =ROUNDUP((I63/2+1),0)*I64 | J65: =ROUNDUP((J63/2+1),0)*J64 | ... L65: =ROUNDUP((L63/2+1),0)*L64 | M65: =SUM(C65:L65)
A66: 沙漠之鹰/贯星长枪消耗对应档次3但战力对应档次4
A68: 棒球棒 | B68: 神杯器魂中阶：忽略装死 | H68: 神杯器魂高阶：命中对手后降低对手穿透5%，持续2回合 | N68: 觉醒神器 | O68: =ROUND((O78+Q78)/2,0) | P68: 2 | Q68: =IF(Q79="紫晶",100%,ROUND(1-(1-Q79)*(1-Q80)*(1-Q81)*(1-Q82)*(1-Q83),3)) | R68: =O79
A69: 强化五星 | B69: 武器名称：城管执法棒。基础伤害：25-30。洗练画册：基础伤害+35。升级领悟。 强化属性：命中提高50%，50%几率忽略对手1回合。 仙化加成：武器基础伤害+100%，命中+20%，命中后降低对手50%闪避率持续2回合。 | N69: 最低基础 | O69: =IF(ISNUMBER(SEARCH("十阶",N68)),R69,IF(ISNUMBER(SEARCH("神器",N68)),R71,0)) | P69: 武器加成 | Q69: 0% | R69: 46
N70: 最高基础 | O70: =IF(ISNUMBER(SEARCH("十阶",N68)),R70,IF(ISNUMBER(SEARCH("神器",N68)),R72,0)) | P70: 器魂加成 | Q70: 0% | R70: 51
N71: 仙化基础 | O71: 100% | P71: 仙化加成 | Q71: 0% | R71: 66
A72: 觉醒十阶 | B72: 武器名称：祥云火炬。基础伤害：46-51。百炼觉醒满祝材料：2982。 觉醒属性：命中提高50%，50%几率忽略对手1回合。额外造成等级*1点伤害。 觉醒加成：武器伤害+60，连击+25.0%，暴击+25.0%。 | N72: 觉醒基础 | O72: 60 | P72: 剑君加成 | Q72: 160% | R72: 71
N73: 铭刻基础 | O73: 140 | P73: 专精加成 | Q73: 50%
N74: 附魔基础 | O74: 40 | P74: 附魔加成 | Q74: 16% | R74: 0
A75: 觉醒神器 | B75: 武器名称：神·大力神杯。基础伤害：66-71。遗迹珍藏-未名锚定：神器大力神杯不会被扔出。 神器属性：优先选中，命中提高50%，50%几率忽略对手1回合。额外造成等级*1点伤害。 神器神技：大力神杯，命中对手后，对手下次使用武器攻击时只能打出1点伤害，仅限1次。 | N75: 洗练基础 | O75: 0 | P75: 温养加成 | Q75: 0% | R75: 20
N76: 神将基础 | O76: 0 | P76: 神将加成 | Q76: 0% | R76: 50
N77: 符石基础 | O77: =IF(ISNUMBER(SEARCH("闪耀",O79)),70,0) | P77: 符石加成 | Q77: =IF(ISNUMBER(SEARCH("破坏",O79)),50%,0)+IF(ISNUMBER(SEARCH("银光",O79)),20%,0) | R77: 100
A78: 冠军炫炫 | B78: 天赋分支1 | F78: 天赋分支2 | J78: 天赋分支3 | N78: 最低输出 | O78: =ROUNDDOWN((ROUNDDOWN(ROUNDDOWN(O69*(1+O71)+$O$13*(1+$O$2+$O$3+O84)*1+SUM(O72:O77),0)*(1.5+$O$9+$P$9+SUM(Q69:Q77)),0)+SUM(O80:O83)+$Q$13+$Q$14+$Q$9)*(P68-1+Q68)*(1+Q84),0) | P78: 最高输出 | Q78: =ROUNDDOWN((ROUNDDOWN(ROUNDDOWN(O70*(1+O71)+$O$13*(1+$O$2+$O$3+O84)*1.5+SUM(O72:O77),0)*(1.5+$O$9+$P$9+SUM(Q69:Q77)),0)+SUM(O80:O83)+$Q$13+$Q$14+$Q$9)*(P68-1+Q68)*(1+Q84),0)
A79: 专属武器 祥云火炬 神·大力神杯 | B79: 基础共鸣：增加专属武器20点基础伤害， 使用祥云火炬可以变身神将形象 | F79: 百炼成钢：暴击伤害增加20% | J79: 风起长林：命中率增加15% | N79: 符石名称 | O79: 破坏清月 | P79: 武器连击 | Q79: 25% | R79: 0%
N80: 符石附加 | O80: =ROUNDDOWN(IF(ISNUMBER(SEARCH("清月",O79)),200%*ROUNDDOWN($O$14*(1+$O$4+$O$5),0),IF(ISNUMBER(SEARCH("锦月",O79)),50%*ROUNDDOWN(ROUNDDOWN($O$15*(1+$Q$2*$Q$3),0)*(1+$Q$4+$Q$5),0),0)),0) | P80: 魂珠连击 | Q80: 75% | R80: 25%
B81: 中级共鸣：增加专属武器30点基础伤害， 使用神·大力神杯可以变身神将形象 | F81: 轻于鸿毛：使用武器后，自身武器韧性提高15%持续3回合 | J81: 力降十惠：无视格挡、反击、反弹 | N81: 武器附加 | O81: =ROUNDDOWN(O17*1,0) | P81: 专精连击 | Q81: 0% | R81: 紫晶
N82: 神将附加 | O82: 0 | P82: 附魔连击 | Q82: 0%
B83: 高级共鸣：增加专属武器50点基础伤害 | F83: 重于泰山：额外造成自身速度30%的伤害 | J83: 金牌炫炫：命中对手后，对手下次使用技能攻击时只能打出1点伤害，仅限1次 | N83: 其他附加 | O83: 0 | P83: 温养连击 | Q83: 0%
N84: 力量提升 | O84: 0% | P84: 最终提升 | Q84: 0%
A86: 木槌 | B86: 雷神器魂中阶：命中对手禁止其触发吸血，持续5回合 | H86: 雷神器魂高阶：命中对手后每回合对手损失力量*36%生命值，持续2回合 | N86: 觉醒神器 | O86: =ROUND((O96+Q96)/2,0) | P86: 2 | Q86: =IF(Q97="紫晶",100%,ROUND(1-(1-Q97)*(1-Q98)*(1-Q99)*(1-Q100)*(1-Q101),3)) | R86: =O97
A87: 强化五星 | B87: 武器名称：紫金八卦槌。基础伤害：24-28。洗练画册：基础伤害+35。升级领悟。 强化属性：15%闪避反击，伤害增加力量*40%，无视霸气。 仙化加成：武器基础伤害+100%，手持武器减伤+20%，命中+20%。 | N87: 最低基础 | O87: =IF(ISNUMBER(SEARCH("十阶",N86)),R87,IF(ISNUMBER(SEARCH("神器",N86)),R89,0)) | P87: 武器加成 | Q87: 50% | R87: 45
N88: 最高基础 | O88: =IF(ISNUMBER(SEARCH("十阶",N86)),R88,IF(ISNUMBER(SEARCH("神器",N86)),R90,0)) | P88: 器魂加成 | Q88: 0% | R88: 55
N89: 仙化基础 | O89: 100% | P89: 仙化加成 | Q89: 0% | R89: 63
A90: 觉醒十阶 | B90: 武器名称：雷神之锤。基础伤害：45-55。淬火档次1满祝材料：2011。 觉醒属性：15%闪避反击，伤害增加力量*40%，无视霸气。额外造成当前生命5%（不超过等级*5）伤害。 觉醒加成：武器伤害+72，连击+30.0%，暴击+30.0%。 | N90: 觉醒基础 | O90: 72 | P90: 剑君加成 | Q90: 160% | R90: 77
N91: 铭刻基础 | O91: 140 | P91: 专精加成 | Q91: 0%
N92: 附魔基础 | O92: 40 | P92: 附魔加成 | Q92: 16% | R92: 0
A93: 觉醒神器 | B93: 武器名称：神·雷神之锤。基础伤害：63-77。 神器属性：30%闪避反击，伤害增加力量*50%，无视霸气。额外造成当前生命5%（不超过等级*5）伤害。 神器神技：奥丁之力，获得这把武器的认可之后，将额外提升当前天生大力技能50%的效果。 | N93: 洗练基础 | O93: 0 | P93: 温养加成 | Q93: 0% | R93: 20
N94: 神将基础 | O94: 0 | P94: 神将加成 | Q94: 0% | R94: 50
N95: 符石基础 | O95: =IF(ISNUMBER(SEARCH("闪耀",O97)),70,0) | P95: 符石加成 | Q95: =IF(ISNUMBER(SEARCH("破坏",O97)),50%,0)+IF(ISNUMBER(SEARCH("银光",O97)),20%,0) | R95: 100
A96: 雷神托尔 | B96: 天赋分支1 | F96: 天赋分支2 | J96: 天赋分支3 | N96: 最低输出 | O96: =ROUNDDOWN((ROUNDDOWN(ROUNDDOWN(O87*(1+O89)+$O$13*(1+$O$2+$O$3+O102)*1+SUM(O90:O95),0)*(1.5+$O$9+$P$9+SUM(Q87:Q95)),0)+SUM(O98:O101)+$Q$13+$Q$14+$Q$9)*(P86-1+Q86)*(1+Q102),0) | P96: 最高输出 | Q96: =ROUNDDOWN((ROUNDDOWN(ROUNDDOWN(O88*(1+O89)+$O$13*(1+$O$2+$O$3+O102)*1.5+SUM(O90:O95),0)*(1.5+$O$9+$P$9+SUM(Q87:Q95)),0)+SUM(O98:O101)+$Q$13+$Q$14+$Q$9)*(P86-1+Q86)*(1+Q102),0)
A97: 专属武器 雷神之锤 神·雷神之锤 | B97: 基础共鸣：增加专属武器20点基础伤害， 使用雷神之锤可以变身神将形象 | F97: 奥萨神族：命中率增加15% | J97: 矮人制造：不会被扔出 | N97: 符石名称 | O97: 破坏锦月 | P97: 武器连击 | Q97: 30% | R97: 0%
N98: 符石附加 | O98: =ROUNDDOWN(IF(ISNUMBER(SEARCH("清月",O97)),200%*ROUNDDOWN($O$14*(1+$O$4+$O$5),0),IF(ISNUMBER(SEARCH("锦月",O97)),50%*ROUNDDOWN(ROUNDDOWN($O$15*(1+$Q$2*$Q$3),0)*(1+$Q$4+$Q$5),0),0)),0) | P98: 魂珠连击 | Q98: 75% | R98: 30%
B99: 中级共鸣：增加专属武器30点基础伤害， 使用神·雷神之锤可以变身神将形象 | F99: 雷电：暴击率增加15% | J99: 粉碎：忽略装死 | N99: 武器附加 | O99: =MIN(ROUNDDOWN(O16*0.05,0),O17*5) | P99: 专精连击 | Q99: 0% | R99: 紫晶
N100: 神将附加 | O100: 0 | P100: 附魔连击 | Q100: 0%
B101: 高级共鸣：增加专属武器50点基础伤害 | F101: 雷神之力：命中对手时，禁止其触发佣兵防御技能 | J101: 战彪：如果力量高于对手，命中率和暴击率增加50% | N101: 其他附加 | O101: 0 | P101: 温养连击 | Q101: 0%
N102: 力量提升 | O102: 0% | P102: 最终提升 | Q102: 0%
A104: 开山斧 | B104: 霸皇器魂中阶：手持武器减伤18% | H104: 霸皇器魂高阶：不会被扔出，额外手持武器减伤7% | N104: 觉醒神器 | O104: =ROUND((O114+Q114)/2,0) | P104: 2 | Q104: =IF(Q115="紫晶",100%,ROUND(1-(1-Q115)*(1-Q116)*(1-Q117)*(1-Q118)*(1-Q119),3)) | R104: =O115
A105: 强化五星 | B105: 武器名称：真·开山斧。基础伤害：27-33。洗练画册：基础伤害+35。升级领悟。 强化属性：15%闪避反击，15%忽略对手1回合，必暴击。 仙化加成：武器基础伤害+100%，手持武器减伤+25%，无视对手抗暴击伤害50%。 | N105: 最低基础 | O105: =IF(ISNUMBER(SEARCH("十阶",N104)),R105,IF(ISNUMBER(SEARCH("神器",N104)),R107,0)) | P105: 武器加成 | Q105: 150% | R105: 47
N106: 最高基础 | O106: =IF(ISNUMBER(SEARCH("十阶",N104)),R106,IF(ISNUMBER(SEARCH("神器",N104)),R108,0)) | P106: 器魂加成 | Q106: 0% | R106: 53
N107: 仙化基础 | O107: 100% | P107: 仙化加成 | Q107: 50% | R107: 67
A108: 觉醒十阶 | B108: 武器名称：盘古开天斧。基础伤害：47-53。淬火档次1满祝材料：2011。 觉醒属性：15%闪避反击，15%忽略对手1回合，必暴击。暴击伤害增加80%，不会被反弹。 觉醒加成：武器伤害+72，命中+30.0%，连击+30.0%。 | N108: 觉醒基础 | O108: 72 | P108: 剑君加成 | Q108: 160% | R108: 73
N109: 铭刻基础 | O109: 140 | P109: 专精加成 | Q109: 50%
N110: 附魔基础 | O110: 40 | P110: 附魔加成 | Q110: 16% | R110: 0
A111: 觉醒神器 | B111: 武器名称：神·霸皇。基础伤害：67-73。 神器属性：优先选中，15%忽略对手1回合，必暴击，不会被反弹。 神器神技：霸气侧漏，使用该武器攻击时，如果触发暴击则暴击伤害增加150%。 | N111: 洗练基础 | O111: 0 | P111: 温养加成 | Q111: 0% | R111: 20
N112: 神将基础 | O112: 0 | P112: 神将加成 | Q112: 0% | R112: 50
N113: 符石基础 | O113: =IF(ISNUMBER(SEARCH("闪耀",O115)),70,0) | P113: 符石加成 | Q113: =IF(ISNUMBER(SEARCH("破坏",O115)),50%,0)+IF(ISNUMBER(SEARCH("银光",O115)),20%,0) | R113: 100
A114: 盘古 | B114: 天赋分支1 | F114: 天赋分支2 | J114: 天赋分支3 | N114: 最低输出 | O114: =ROUNDDOWN((ROUNDDOWN(ROUNDDOWN(O105*(1+O107)+$O$13*(1+$O$2+$O$3+O120)*1+SUM(O108:O113),0)*(1.5+$O$9+$P$9+SUM(Q105:Q113)),0)+SUM(O116:O119)+$Q$13+$Q$14+$Q$9)*(P104-1+Q104)*(1+Q120),0) | P114: 最高输出 | Q114: =ROUNDDOWN((ROUNDDOWN(ROUNDDOWN(O106*(1+O107)+$O$13*(1+$O$2+$O$3+O120)*1.5+SUM(O108:O113),0)*(1.5+$O$9+$P$9+SUM(Q105:Q113)),0)+SUM(O116:O119)+$Q$13+$Q$14+$Q$9)*(P104-1+Q104)*(1+Q120),0)
A115: 专属武器 盘古开天斧 神·霸皇 | B115: 基础共鸣：增加专属武器20点基础伤害， 使用盘古开天斧可以变身神将形象 | F115: 盘古真人：忽略装死 | J115: 盘古出世：如果力量高于对手，伤害提升20% | N115: 符石名称 | O115: 破坏清月 | P115: 武器连击 | Q115: 30% | R115: 0%
N116: 符石附加 | O116: =ROUNDDOWN(IF(ISNUMBER(SEARCH("清月",O115)),200%*ROUNDDOWN($O$14*(1+$O$4+$O$5),0),IF(ISNUMBER(SEARCH("锦月",O115)),50%*ROUNDDOWN(ROUNDDOWN($O$15*(1+$Q$2*$Q$3),0)*(1+$Q$4+$Q$5),0),0)),0) | P116: 魂珠连击 | Q116: 75% | R116: 30%
B117: 中级共鸣：增加专属武器30点基础伤害， 使用神·霸皇可以变身神将形象 | F117: 创世之神：暴击伤害增加25% | J117: 宿命压制：无视反击，不会被扔出 | N117: 武器附加 | O117: 0 | P117: 专精连击 | Q117: 50% | R117: 紫晶
...

Sheet 门派心法
A1: 门派心法 | B1: 名称 | C1: 基础1 | D1: 基础2 | E1: 基础3 | F1: 上层1 | G1: 上层2 | H1: 上层3 | I1: 上层4 | J1: 上层5 | K1: 上层6 | L1: 祝福详情：进度模式，永久有效。 | S1: =首页索引!$M$1 | T1: 1
A2: 基础心法 门派贡献 上层心法 炼气石 | B2: 少林 | C2: 法华经 | D2: 金刚经 | E2: 达摩心经 | F2: 金刚伏魔 | G2: 金刚护法 | H2: 佛光万丈 | I2: 大光明经 | J2: 达摩护体 | K2: 万佛朝宗 | L2: 常规祝福：上层心法固定1点进度值，25级前（含）可能暴击获得2/5点进度值。炼气石120斗豆。
B3: 华山 | C3: 御剑术 | D3: 龟息术 | E3: 养心术 | F3: 清风剑法 | G3: 抱元劲 | H3: 冰心诀 | I3: 狂风快剑 | J3: 混元功 | K3: 紫气天罗 | L3: 春节祝福：上层心法固定1点进度值，28级前（含）可能暴击获得2/5点进度值。炼气石100斗豆。
B4: 峨眉 | C4: 斩情诀 | D4: 护心诀 | E4: 观音咒 | F4: 灵心咒 | G4: 神佑经 | H4: 延年益寿 | I4: 九阴真经 | J4: 坐怀不乱 | K4: 清心普善 | L4: 周年祝福：上层心法固定1点进度值，30级前（含）可能暴击获得2/5点进度值。炼气石100斗豆。
B5: 丐帮 | C5: 醉拳 | D5: 烟雨行 | E5: 笑尘诀 | F5: 打狗棒法 | G5: 空冥诀 | H5: 逍遥游 | I5: 降龙掌法 | J5: 擒龙功 | K5: 玉阳神功 | L5: 中秋祝福：上层心法固定1点进度值，30级前（含）可能暴击获得2/5点进度值。炼气石200斗豆。
B6: 武当 | C6: 太极内力 | D6: 绕指柔剑 | E6: 金丹秘诀 | F6: 两仪心法 | G6: 混元一气 | H6: 仙人指路 | I6: 揽雀尾 | J6: 洗髓金经 | K6: 纯阳无极 | L6: 由于暴击情况不太稳定，差异较大，为方便计算，表内消耗数据均按照无暴击计算。 基础心法均满级后，门贡无用，勿再花费门派战书打额外邀请赛和同门切磋（需凑活跃时除外）。
B7: 明教 | C7: 圣火功 | D7: 五行阵 | E7: 日月凌天 | F7: 逍遥乾坤 | G7: 吸引神魔 | H7: 横空挪移 | I7: 乾坤归一 | J7: 无极心法 | K7: 无明业火
A8: 名称 | B8: 等级 | C8: 战斗力 | D8: 进度值 | E8: 单次材料 | F8: 满值材料 | G8: 生命值 | H8: 命中率 | I8: 闪避率 | J8: 暴击率 | K8: 抗暴率 | L8: 武器附伤 | M8: 武器附减 | N8: 技空附伤 | O8: 技空附减 | P8: 门武增伤 | Q8: 门武减伤 | R8: 门技增伤 | S8: 门技减伤
A9: 少林 基础心法 法华经 | B9: 1 | C9: 0.2 | D9: 10 | E9: 20 | F9: =D9*E9 | G9: 1 | H9: 0% | I9: x | J9: 0% | K9: x | L9: 0 | M9: x | N9: 0 | O9: x | P9: 0.5% | Q9: x | R9: x | S9: x
B10: 2 | C10: 0.4 | D10: 10 | E10: 20 | F10: =D10*E10 | G10: 1 | H10: 0.1% | I10: x | J10: 0.1% | K10: x | L10: 0 | M10: x | N10: 0 | O10: x | P10: 1% | Q10: x | R10: x | S10: x
B11: 3 | C11: 0.6 | D11: 10 | E11: 20 | F11: =D11*E11 | G11: 2 | H11: 0.1% | I11: x | J11: 0.1% | K11: x | L11: 0 | M11: x | N11: 0 | O11: x | P11: 1.5% | Q11: x | R11: x | S11: x
B12: 4 | C12: 0.7 | D12: 10 | E12: 20 | F12: =D12*E12 | G12: 2 | H12: 0.1% | I12: x | J12: 0.1% | K12: x | L12: 0 | M12: x | N12: 0 | O12: x | P12: 2% | Q12: x | R12: x | S12: x
B13: 5 | C13: 1.4 | D13: 10 | E13: 20 | F13: =D13*E13 | G13: 3 | H13: 0.2% | I13: x | J13: 0.2% | K13: x | L13: 1 | M13: x | N13: 0 | O13: x | P13: 2.5% | Q13: x | R13: x | S13: x
B14: 6 | C14: 1.6 | D14: 12 | E14: 30 | F14: =D14*E14 | G14: 3 | H14: 0.2% | I14: x | J14: 0.2% | K14: x | L14: 1 | M14: x | N14: 0 | O14: x | P14: 3.3% | Q14: x | R14: x | S14: x
B15: 7 | C15: 2 | D15: 12 | E15: 30 | F15: =D15*E15 | G15: 4 | H15: 0.3% | I15: x | J15: 0.3% | K15: x | L15: 1 | M15: x | N15: 0 | O15: x | P15: 4% | Q15: x | R15: x | S15: x
B16: 8 | C16: 2.4 | D16: 12 | E16: 30 | F16: =D16*E16 | G16: 5 | H16: 0.3% | I16: x | J16: 0.3% | K16: x | L16: 1 | M16: x | N16: 1 | O16: x | P16: 4.8% | Q16: x | R16: x | S16: x
B17: 9 | C17: 2.8 | D17: 12 | E17: 30 | F17: =D17*E17 | G17: 6 | H17: 0.4% | I17: x | J17: 0.4% | K17: x | L17: 1 | M17: x | N17: 1 | O17: x | P17: 5.5% | Q17: x | R17: x | S17: x
B18: 10 | C18: 3.2 | D18: 12 | E18: 30 | F18: =D18*E18 | G18: 7 | H18: 0.5% | I18: x | J18: 0.5% | K18: x | L18: 1 | M18: x | N18: 1 | O18: x | P18: 6.3% | Q18: x | R18: x | S18: x
B19: 11 | C19: 3.9 | D19: 14 | E19: 50 | F19: =D19*E19 | G19: 8 | H19: 0.5% | I19: x | J19: 0.5% | K19: x | L19: 2 | M19: x | N19: 1 | O19: x | P19: 7.3% | Q19: x | R19: x | S19: x
B20: 12 | C20: 4.3 | D20: 14 | E20: 50 | F20: =D20*E20 | G20: 9 | H20: 0.6% | I20: x | J20: 0.6% | K20: x | L20: 2 | M20: x | N20: 1 | O20: x | P20: 8.3% | Q20: x | R20: x | S20: x
B21: 13 | C21: 4.7 | D21: 14 | E21: 50 | F21: =D21*E21 | G21: 10 | H21: 0.7% | I21: x | J21: 0.7% | K21: x | L21: 2 | M21: x | N21: 1 | O21: x | P21: 9.3% | Q21: x | R21: x | S21: x
... B43: 35 | C43: 37.9 | D43: 30 | E43: 150 | F43: =D43*E43 | G43: 78 | H43: 5.4% | I43: x | J43: 5.4% | K43: x | L43: 17 | M43: x | N43: 9 | O43: x | P43: 75% | Q43: x | R43: x | S43: x
A44: 少林 基础心法 金刚经 | B44: 1 | C44: 0.3 | D44: 10 | E44: 20 | F44: =D44*E44 | G44: 1 | H44: x | I44: 0% | J44: x | K44: 0.1% | L44: x | M44: 0 | N44: x | O44: 0 | P44: x | Q44: 0.5% | R44: x | S44: x
B45: 2 | C45: 0.5 | D45: 10 | E45: 20 | F45: =D45*E45 | G45: 1 | H45: x | I45: 0.1% | J45: x | K45: 0.2% | L45: x | M45: 0 | N45: x | O45: 0 | P45: x | Q45: 1% | R45: x | S45: x
B46: 3 | C46: 1.3 | D46: 10 | E46: 20 | F46: =D46*E46 | G46: 2 | H46: x | I46: 0.1% | J46: x | K46: 0.3% | L46: x | M46: 1 | N46: x | O46: 1 | P46: x | Q46: 1.5% | R46: x | S46: x
B47: 4 | C47: 1.5 | D47: 10 | E47: 20 | F47: =D47*E47 | G47: 2 | H47: x | I47: 0.1% | J47: x | K47: 0.4% | L47: x | M47: 1 | N47: x | O47: 1 | P47: x | Q47: 2% | R47: x | S47: x
B48: 5 | C48: 1.8 | D48: 10 | E48: 20 | F48: =D48*E48 | G48: 3 | H48: x | I48: 0.2% | J48: x | K48: 0.5% | L48: x | M48: 1 | N48: x | O48: 1 | P48: x | Q48: 2.5% | R48: x | S48: x
B49: 6 | C49: 2 | D49: 12 | E49: 30 | F49: =D49*E49 | G49: 3 | H49: x | I49: 0.2% | J49: x | K49: 0.6% | L49: x | M49: 1 | N49: x | O49: 1 | P49: x | Q49: 3.3% | R49: x | S49: x
B50: 7 | C50: 3.1 | D50: 12 | E50: 30 | F50: =D50*E50 | G50: 4 | H50: x | I50: 0.3% | J50: x | K50: 0.8% | L50: x | M50: 2 | N50: x | O50: 2 | P50: x | Q50: 4% | R50: x | S50: x
B51: 8 | C51: 3.4 | D51: 12 | E51: 30 | F51: =D51*E51 | G51: 5 | H51: x | I51: 0.3% | J51: x | K51: 0.9% | L51: x | M51: 2 | N51: x | O51: 2 | P51: x | Q51: 4.8% | R51: x | S51: x
B52: 9 | C52: 3.8 | D52: 12 | E52: 30 | F52: =D52*E52 | G52: 6 | H52: x | I52: 0.4% | J52: x | K52: 1.1% | L52: x | M52: 2 | N52: x | O52: 2 | P52: x | Q52: 5.5% | R52: x | S52: x
B53: 10 | C53: 4.8 | D53: 12 | E53: 30 | F53: =D53*E53 | G53: 7 | H53: x | I53: 0.5% | J53: x | K53: 1.2% | L53: x | M53: 3 | N53: x | O53: 3 | P53: x | Q53: 6.3% | R53: x | S53: x
B54: 11 | C54: 5.2 | D54: 14 | E54: 50 | F54: =D54*E54 | G54: 8 | H54: x | I54: 0.5% | J54: x | K54: 1.4% | L54: x | M54: 3 | N54: x | O54: 3 | P54: x | Q54: 7.3% | R54: x | S54: x
B55: 12 | C55: 5.7 | D55: 14 | E55: 50 | F55: =D55*E55 | G55: 9 | H55: x | I55: 0.6% | J55: x | K55: 1.6% | L55: x | M55: 3 | N55: x | O55: 3 | P55: x | Q55: 8.3% | R55: x | S55: x
B56: 13 | C56: 6.8 | D56: 14 | E56: 50 | F56: =D56*E56 | G56: 10 | H56: x | I56: 0.7% | J56: x | K56: 1.8% | L56: x | M56: 4 | N56: x | O56: 4 | P56: x | Q56: 9.3% | R56: x | S56: x
... B78: 35 | C78: 53.9 | D78: 30 | E78: 150 | F78: =D78*E78 | G78: 78 | H78: x | I78: 5.4% | J78: x | K78: 14.4% | L78: x | M78: 32 | N78: x | O78: 32 | P78: x | Q78: 75% | R78: x | S78: x
A79: 少林 基础心法 达摩心经 | B79: 1 | C79: 0.1 | D79: 10 | E79: 20 | F79: =D79*E79 | G79: x | H79: x | I79: x | J79: x | K79: x | L79: 0 | M79: 0 | N79: 0 | O79: 0 | P79: 0.1% | Q79: x | R79: x | S79: x
B80: 2 | C80: 0.3 | D80: 10 | E80: 20 | F80: =D80*E80 | G80: x | H80: x | I80: x | J80: x | K80: x | L80: 0 | M80: 0 | N80: 0 | O80: 0 | P80: 0.2% | Q80: x | R80: x | S80: x
B81: 3 | C81: 0.5 | D81: 10 | E81: 20 | F81: =D81*E81 | G81: x | H81: x | I81: x | J81: x | K81: x | L81: 0 | M81: 1 | N81: 0 | O81: 1 | P81: 0.3% | Q81: x | R81: x | S81: x
B82: 4 | C82: 0.7 | D82: 10 | E82: 20 | F82: =D82*E82 | G82: x | H82: x | I82: x | J82: x | K82: x | L82: 0 | M82: 1 | N82: 0 | O82: 1 | P82: 0.4% | Q82: x | R82: x | S82: x
B83: 5 | C83: 0.9 | D83: 10 | E83: 20 | F83: =D83*E83 | G83: x | H83: x | I83: x | J83: x | K83: x | L83: 1 | M83: 1 | N83: 0 | O83: 1 | P83: 0.5% | Q83: x | R83: x | S83: x
B84: 6 | C84: 1.1 | D84: 12 | E84: 30 | F84: =D84*E84 | G84: x | H84: x | I84: x | J84: x | K84: x | L84: 1 | M84: 1 | N84: 0 | O84: 1 | P84: 0.7% | Q84: x | R84: x | S84: x
B85: 7 | C85: 1.3 | D85: 12 | E85: 30 | F85: =D85*E85 | G85: x | H85: x | I85: x | J85: x | K85: x | L85: 1 | M85: 2 | N85: 0 | O85: 2 | P85: 0.9% | Q85: x | R85: x | S85: x
B86: 8 | C86: 1.7 | D86: 12 | E86: 30 | F86: =D86*E86 | G86: x | H86: x | I86: x | J86: x | K86: x | L86: 1 | M86: 2 | N86: 1 | O86: 2 | P86: 1% | Q86: x | R86: x | S86: x
B87: 9 | C87: 2 | D87: 12 | E87: 30 | F87: =D87*E87 | G87: x | H87: x | I87: x | J87: x | K87: x | L87: 1 | M87: 2 | N87: 1 | O87: 2 | P87: 1.2% | Q87: x | R87: x | S87: x
B88: 10 | C88: 2.7 | D88: 12 | E88: 30 | F88: =D88*E88 | G88: x | H88: x | I88: x | J88: x | K88: x | L88: 1 | M88: 3 | N88: 1 | O88: 3 | P88: 1.4% | Q88: x | R88: x | S88: x
B89: 11 | C89: 3.1 | D89: 14 | E89: 50 | F89: =D89*E89 | G89: x | H89: x | I89: x | J89: x | K89: x | L89: 2 | M89: 3 | N89: 1 | O89: 3 | P89: 1.6% | Q89: x | R89: x | S89: x
B90: 12 | C90: 3.2 | D90: 14 | E90: 50 | F90: =D90*E90 | G90: x | H90: x | I90: x | J90: x | K90: x | L90: 2 | M90: 3 | N90: 1 | O90: 3 | P90: 1.8% | Q90: x | R90: x | S90: x
B91: 13 | C91: 3.8 | D91: 14 | E91: 50 | F91: =D91*E91 | G91: x | H91: x | I91: x | J91: x | K91: x | L91: 2 | M91: 4 | N91: 1 | O91: 4 | P91: 2% | Q91: x | R91: x | S91: x
... B113: 35 | C113: 31.1 | D113: 30 | E113: 150 | F113: =D113*E113 | G113: x | H113: x | I113: x | J113: x | K113: x | L113: 17 | M113: 32 | N113: 9 | O113: 32 | P113: 16.4% | Q113: x | R113: x | S113: x
A114: 少林 上层心法 金刚伏魔 | B114: 1 | C114: 0.4 | D114: 5 | E114: 1 | F114: =D114/$T$1*E114 | G114: 1 | H114: 0.1% | I114: x | J114: 0.1% | K114: x | L114: 0 | M114: x | N114: 0 | O114: x | P114: 1% | Q114: x | R114: x | S114: x
B115: 2 | C115: 0.8 | D115: 5 | E115: 1 | F115: =D115/$T$1*E115 | G115: 2 | H115: 0.2% | I115: x | J115: 0.2% | K115: x | L115: 0 | M115: x | N115: 0 | O115: x | P115: 2% | Q115: x | R115: x | S115: x
B116: 3 | C116: 1.7 | D116: 5 | E116: 1 | F116: =D116/$T$1*E116 | G116: 3 | H116: 0.3% | I116: x | J116: 0.3% | K116: x | L116: 1 | M116: x | N116: 0 | O116: x | P116: 3% | Q116: x | R116: x | S116: x
B117: 4 | C117: 2.1 | D117: 5 | E117: 1 | F117: =D117/$T$1*E117 | G117: 4 | H117: 0.4% | I117: x | J117: 0.4% | K117: x | L117: 1 | M117: x | N117: 0 | O117: x | P117: 4% | Q117: x | R117: x | S117: x
B118: 5 | C118: 2.7 | D118: 5 | E118: 1 | F118: =D118/$T$1*E118 | G118: 5 | H118: 0.5% | I118: x | J118: 0.5% | K118: x | L118: 1 | M118: x | N118: 1 | O118: x | P118: 5% | Q118: x | R118: x | S118: x
B119: 6 | C119: 3.4 | D119: 10 | E119: 2 | F119: =D119/$T$1*E119 | G119: 7 | H119: 0.7% | I119: x | J119: 0.7% | K119: x | L119: 1 | M119: x | N119: 1 | O119: x | P119: 6.5% | Q119: x | R119: x | S119: x
B120: 7 | C120: 4.5 | D120: 10 | E120: 2 | F120: =D120/$T$1*E120 | G120: 8 | H120: 0.9% | I120: x | J120: 0.9% | K120: x | L120: 2 | M120: x | N120: 1 | O120: x | P120: 8% | Q120: x | R120: x | S120: x
B121: 8 | C121: 5.1 | D121: 10 | E121: 2 | F121: =D121/$T$1*E121 | G121: 10 | H121: 1% | I121: x | J121: 1% | K121: x | L121: 2 | M121: x | N121: 1 | O121: x | P121: 9.5% | Q121: x | R121: x | S121: x
B122: 9 | C122: 5.7 | D122: 10 | E122: 2 | F122: =D122/$T$1*E122 | G122: 11 | H122: 1.2% | I122: x | J122: 1.2% | K122: x | L122: 2 | M122: x | N122: 1 | O122: x | P122: 11% | Q122: x | R122: x | S122: x
B123: 10 | C123: 7.1 | D123: 10 | E123: 2 | F123: =D123/$T$1*E123 | G123: 13 | H123: 1.4% | I123: x | J123: 1.4% | K123: x | L123: 3 | M123: x | N123: 2 | O123: x | P123: 12.5% | Q123: x | R123: x | S123: x
B124: 11 | C124: 7.9 | D124: 15 | E124: 5 | F124: =D124/$T$1*E124 | G124: 15 | H124: 1.6% | I124: x | J124: 1.6% | K124: x | L124: 3 | M124: x | N124: 2 | O124: x | P124: 14.5% | Q124: x | R124: x | S124: x
B125: 12 | C125: 8.8 | D125: 15 | E125: 5 | F125: =D125/$T$1*E125 | G125: 17 | H125: 1.8% | I125: x | J125: 1.8% | K125: x | L125: 3 | M125: x | N125: 2 | O125: x | P125: 16.5% | Q125: x | R125: x | S125: x
B126: 13 | C126: 10 | D126: 15 | E126: 5 | F126: =D126/$T$1*E126 | G126: 19 | H126: 2% | I126: x | J126: 2% | K126: x | L126: 4 | M126: x | N126: 2 | O126: x | P126: 18.5% | Q126: x | R126: x | S126: x
... B139: 26 | C139: 36.8 | D139: 30 | E139: 18 | F139: =D139/$T$1*E139 | G139: 71 | H139: 7.4% | I139: x | J139: 7.4% | K139: x | L139: 14 | M139: x | N139: 8 | O139: x | P139: 68% | Q139: x | R139: x | S139: x
B140: 27 | C140: 41.3 | D140: 30 | E140: 18 | F140: =@IF(OR($S$1="春节祝福",$S$1="周年祝福",$S$1="中秋祝福"),D140/$T$1*E140,D140*E140) | G140: 79 | H140: 8.3% | I140: x | J140: 8.3% | K140: x | L140: 16 | M140: x | N140: 9 | O140: x | P140: 76% | Q140: x | R140: x | S140: x
B141: 28 | C141: 45.7 | D141: 30 | E141: 18 | F141: =@IF(OR($S$1="春节祝福",$S$1="周年祝福",$S$1="中秋祝福"),D141/$T$1*E141,D141*E141) | G141: 87 | H141: 9.2% | I141: x | J141: 9.2% | K141: x | L141: 18 | M141: x | N141: 10 | O141: x | P141: 84% | Q141: x | R141: x | S141: x
B142: 29 | C142: 49.8 | D142: 30 | E142: 18 | F142: =@IF(OR($S$1="春节祝福",$S$1="周年祝福",$S$1="中秋祝福"),D142/$T$1*E142,D142*E142) | G142: 96 | H142: 10% | I142: x | J142: 10% | K142: x | L142: 19 | M142: x | N142: 11 | O142: x | P142: 92% | Q142: x | R142: x | S142: x
B143: 30 | C143: 54.3 | D143: 30 | E143: 18 | F143: =@IF(OR($S$1="周年祝福",$S$1="中秋祝福"),D143/$T$1*E143,D143*E143) | G143: 104 | H143: 10.9% | I143: x | J143: 10.9% | K143: x | L143: 21 | M143: x | N143: 12 | O143: x | P143: 100% | Q143: x | R143: x | S143: x
B144: 31 | C144: 59.2 | D144: 35 | E144: 20 | F144: =@IF(OR($S$1="周年祝福",$S$1="中秋祝福"),D144/$T$1*E144,D144*E144) | G144: 113 | H144: 11.9% | I144: x | J144: 11.9% | K144: x | L144: 23 | M144: x | N144: 13 | O144: x | P144: 109% | Q144: x | R144: x | S144: x
B145: 32 | C145: 64.2 | D145: 35 | E145: 20 | F145: =D145*E145 | G145: 123 | H145: 12.9% | I145: x | J145: 12.9% | K145: x | L145: 25 | M145: x | N145: 14 | O145: x | P145: 118% | Q145: x | R145: x | S145: x
B146: 33 | C146: 69.5 | D146: 35 | E146: 20 | F146: =D146*E146 | G146: 133 | H146: 14% | I146: x | J146: 14% | K146: x | L146: 27 | M146: x | N146: 15 | O146: x | P146: 128% | Q146: x | R146: x | S146: x
B147: 34 | C147: 76 | D147: 35 | E147: 20 | F147: =D147*E147 | G147: 146 | H147: 15.3% | I147: x | J147: 15.3% | K147: x | L147: 29 | M147: x | N147: 16 | O147: x | P147: 140% | Q147: x | R147: x | S147: x
B148: 35 | C148: 81.7 | D148: 35 | E148: 20 | F148: =D148*E148 | G148: 156 | H148: 16.4% | I148: x | J148: 16.4% | K148: x | L148: 32 | M148: x | N148: 18 | O148: x | P148: 150% | Q148: x | R148: x | S148: x
A149: 少林 上层心法 金刚护法 | B149: 1 | C149: 0.5 | D149: 5 | E149: 1 | F149: =D149/$T$1*E149 | G149: 1 | H149: x | I149: 0.1% | J149: x | K149: 0.3% | L149: x | M149: 0 | N149: x | O149: 0 | P149: x | Q149: 1% | R149: x | S149: x
B150: 2 | C150: 1.7 | D150: 5 | E150: 1 | F150: =D150/$T$1*E150 | G150: 2 | H150: x | I150: 0.2% | J150: x | K150: 0.6% | L150: x | M150: 1 | N150: x | O150: 1 | P150: x | Q150: 2% | R150: x | S150: x
B151: 3 | C151: 2.2 | D151: 5 | E151: 1 | F151: =D151/$T$1*E151 | G151: 3 | H151: x | I151: 0.3% | J151: x | K151: 0.9% | L151: x | M151: 1 | N151: x | O151: 1 | P151: x | Q151: 3% | R151: x | S151: x
B152: 4 | C152: 3.4 | D152: 5 | E152: 1 | F152: =D152/$T$1*E152 | G152: 4 | H152: x | I152: 0.4% | J152: x | K152: 1.2% | L152: x | M152: 2 | N152: x | O152: 2 | P152: x | Q152: 4% | R152: x | S152: x
B153: 5 | C153: 3.8 | D153: 5 | E153: 1 | F153: =D153/$T$1*E153 | G153: 5 | H153: x | I153: 0.5% | J153: x | K153: 1.4% | L153: x | M153: 2 | N153: x | O153: 2 | P153: x | Q153: 5% | R153: x | S153: x
B154: 6 | C154: 5.4 | D154: 10 | E154: 2 | F154: =D154/$T$1*E154 | G154: 7 | H154: x | I154: 0.7% | J154: x | K154: 1.9% | L154: x | M154: 3 | N154: x | O154: 3 | P154: x | Q154: 6.5% | R154: x | S154: x
B155: 7 | C155: 6.1 | D155: 10 | E155: 2 | F155: =D155/$T$1*E155 | G155: 8 | H155: x | I155: 0.9% | J155: x | K155: 2.3% | L155: x | M155: 3 | N155: x | O155: 3 | P155: x | Q155: 8% | R155: x | S155: x
B156: 8 | C156: 7.5 | D156: 10 | E156: 2 | F156: =D156/$T$1*E156 | G156: 10 | H156: x | I156: 1% | J156: x | K156: 2.7% | L156: x | M156: 4 | N156: x | O156: 4 | P156: x | Q156: 9.5% | R156: x | S156: x
B157: 9 | C157: 8.9 | D157: 10 | E157: 2 | F157: =D157/$T$1*E157 | G157: 11 | H157: x | I157: 1.2% | J157: x | K157: 3.2% | L157: x | M157: 5 | N157: x | O157: 5 | P157: x | Q157: 11% | R157: x | S157: x
B158: 10 | C158: 9.8 | D158: 10 | E158: 2 | F158: =D158/$T$1*E158 | G158: 13 | H158: x | I158: 1.4% | J158: x | K158: 3.6% | L158: x | M158: 5 | N158: x | O158: 5 | P158: x | Q158: 12.5% | R158: x | S158: x
B159: 11 | C159: 11.5 | D159: 15 | E159: 5 | F159: =D159/$T$1*E159 | G159: 15 | H159: x | I159: 1.6% | J159: x | K159: 4.2% | L159: x | M159: 6 | N159: x | O159: 6 | P159: x | Q159: 14.5% | R159: x | S159: x
B160: 12 | C160: 13.2 | D160: 15 | E160: 5 | F160: =D160/$T$1*E160 | G160: 17 | H160: x | I160: 1.8% | J160: x | K160: 4.8% | L160: x | M160: 7 | N160: x | O160: 7 | P160: x | Q160: 16.5% | R160: x | S160: x
B161: 13 | C161: 14.8 | D161: 15 | E161: 5 | F161: =D161/$T$1*E161 | G161: 19 | H161: x | I161: 2% | J161: x | K161: 5.3% | L161: x | M161: 8 | N161: x | O161: 8 | P161: x | Q161: 18.5% | R161: x | S161: x
... B174: 26 | C174: 54.4 | D174: 30 | E174: 18 | F174: =D174/$T$1*E174 | G174: 71 | H174: x | I174: 7.4% | J174: x | K174: 19.7% | L174: x | M174: 29 | N174: x | O174: 29 | P174: x | Q174: 68% | R174: x | S174: x
B175: 27 | C175: 60.5 | D175: 30 | E175: 18 | F175: =@IF(OR($S$1="春节祝福",$S$1="周年祝福",$S$1="中秋祝福"),D175/$T$1*E175,D175*E175) | G175: 79 | H175: x | I175: 8.3% | J175: x | K175: 22% | L175: x | M175: 32 | N175: x | O175: 32 | P175: x | Q175: 76% | R175: x | S175: x
B176: 28 | C176: 66.6 | D176: 30 | E176: 18 | F176: =@IF(OR($S$1="春节祝福",$S$1="周年祝福",$S$1="中秋祝福"),D176/$T$1*E176,D176*E176) | G176: 87 | H176: x | I176: 9.2% | J176: x | K176: 24.3% | L176: x | M176: 35 | N176: x | O176: 35 | P176: x | Q176: 84% | R176: x | S176: x
B177: 29 | C177: 73.4 | D177: 30 | E177: 18 | F177: =@IF(OR($S$1="春节祝福",$S$1="周年祝福",$S$1="中秋祝福"),D177/$T$1*E177,D177*E177) | G177: 96 | H177: x | I177: 10% | J177: x | K177: 26.6% | L177: x | M177: 39 | N177: x | O177: 39 | P177: x | Q177: 92% | R177: x | S177: x
B178: 30 | C178: 79.5 | D178: 30 | E178: 18 | F178: =@IF(OR($S$1="周年祝福",$S$1="中秋祝福"),D178/$T$1*E178,D178*E178) | G178: 104 | H178: x | I178: 10.9% | J178: x | K178: 28.9% | L178: x | M178: 42 | N178: x | O178: 42 | P178: x | Q178: 100% | R178: x | S178: x
B179: 31 | C179: 86.7 | D179: 35 | E179: 20 | F179: =@IF(OR($S$1="周年祝福",$S$1="中秋祝福"),D179/$T$1*E179,D179*E179) | G179: 113 | H179: x | I179: 11.9% | J179: x | K179: 31.5% | L179: x | M179: 46 | N179: x | O179: 46 | P179: x | Q179: 109% | R179: x | S179: x
B180: 32 | C180: 94.1 | D180: 35 | E180: 20 | F180: =D180*E180 | G180: 123 | H180: x | I180: 12.9% | J180: x | K180: 34.1% | L180: x | M180: 50 | N180: x | O180: 50 | P180: x | Q180: 118% | R180: x | S180: x
B181: 33 | C181: 101.9 | D181: 35 | E181: 20 | F181: =D181*E181 | G181: 133 | H181: x | I181: 14% | J181: x | K181: 37% | L181: x | M181: 54 | N181: x | O181: 54 | P181: x | Q181: 128% | R181: x | S181: x
B182: 34 | C182: 111.5 | D182: 35 | E182: 20 | F182: =D182*E182 | G182: 146 | H182: x | I182: 15.3% | J182: x | K182: 40% | L182: x | M182: 58 | N182: x | O182: 58 | P182: x | Q182: 140% | R182: x | S182: x
B183: 35 | C183: 119.3 | D183: 35 | E183: 20 | F183: =D183*E183 | G183: 156 | H183: x | I183: 16.4% | J183: x | K183: 43.4% | L183: x | M183: 63 | N183: x | O183: 63 | P183: x | Q183: 150% | R183: x | S183: x
A184: 少林 上层心法 佛光万丈 | B184: 1 | C184: 0.1 | D184: 5 | E184: 1 | F184: =D184/$T$1*E184 | G184: x | H184: 0.1% | I184: 0.1% | J184: x | K184: x | L184: 0 | M184: 0 | N184: 0 | O184: 0 | P184: x | Q184: x | R184: x | S184: x
B185: 2 | C185: 0.8 | D185: 5 | E185: 1 | F185: =D185/$T$1*E185 | G185: x | H185: 0.2% | I185: 0.2% | J185: x | K185: x | L185: 0 | M185: 1 | N185: 0 | O185: 1 | P185: x | Q185: x | R185: x | S185: x
B186: 3 | C186: 1.4 | D186: 5 | E186: 1 | F186: =D186/$T$1*E186 | G186: x | H186: 0.3% | I186: 0.3% | J186: x | K186: x | L186: 1 | M186: 1 | N186: 0 | O186: 1 | P186: x | Q186: x | R186: x | S186: x
B187: 4 | C187: 2.1 | D187: 5 | E187: 1 | F187: =D187/$T$1*E187 | G187: x | H187: 0.4% | I187: 0.4% | J187: x | K187: x | L187: 1 | M187: 2 | N187: 0 | O187: 2 | P187: x | Q187: x | R187: x | S187: x
...

Sheet 门派武技
A1: 门武门技 | B1: 名称 | C1: 门武1 | D1: 门武2 | E1: 门技1 | F1: 门技2 | G1: 门技3 | H1: 门技4 | I1: 祝福详情：祝福模式，永久有效。 | O1: =首页索引!$M$1 | P1: =@IF(O1="中秋祝福",6,IF(O1="周年祝福",5,IF(O1="春节祝福",5,4)))
A2: 门派强化书 | B2: 少林 | C2: 九龙禅杖 | D2: 琉璃戒刀 | E2: 大力金刚掌 | F2: 罗汉金身 | G2: 慈航普渡 | H2: 铁头功 | I2: 常规祝福：门派武器技能失败4点祝福值。门派强化书120斗豆。
B3: 华山 | C3: 绝世好剑 | D3: 干将莫邪 | E3: 万剑归宗 | F3: 华山剑阵 | G3: 紫霞神功 | H3: 冲灵剑法 | I3: 春节祝福：门派武器技能失败5点祝福值。门派强化书100斗豆。
B4: 峨眉 | C4: 拂尘若梦 | D4: 蝶舞双刺 | E4: 清心普善咒 | F4: 玉女心经 | G4: 金针渡劫 | H4: 九阴神爪 | I4: 周年祝福：门派武器技能失败5点祝福值。门派强化书100斗豆。
B5: 丐帮 | C5: 老祖葫芦 | D5: 九袋神杖 | E5: 降龙十八掌 | F5: 玉阳神功 | G5: 笑醉狂 | H5: 游龙缠身 | I5: 中秋祝福：门派武器技能失败6点祝福值。门派强化书200斗豆。
B6: 武当 | C6: 天罡飞剑 | D6: 九天雷火 | E6: 太极剑法 | F6: 九宫八卦阵 | G6: 纵云梯 | H6: 白鹤亮翅 | I6: 门武门技均满级后，强化书无用，勿再花费门派高香（尚缺门贡时除外）。
B7: 明教 | C7: 圣火凤凰 | D7: 光明怜世 | E7: 明尊圣火功 | F7: 九阳真经 | G7: 圣火焚身 | H7: 斗转星移
A8: 名称 | B8: 等级 | C8: 战斗力 | D8: 祝福值 | E8: 单次材料 | F8: 满值材料 | G8: 效果说明
A9: 少林门武 少林棍 五级更名 降魔杵 十级更名 九龙禅杖 | B9: 0 | C9: 3 | D9: 4 | E9: 1 | F9: =ROUNDUP(D9/$P$1+1,0)*E9 | G9: 伤害： 35 ~ 65 ，每次使用大型武器后有 30 %概率触发，必中！
B10: 1 | C10: 3.7 | D10: 12 | E10: 2 | F10: =ROUNDUP(D10/$P$1+1,0)*E10 | G10: 伤害： 43 ~ 73 ，每次使用大型武器后有 31 %概率触发，必中！
B11: 2 | C11: 4.3 | D11: 24 | E11: 3 | F11: =ROUNDUP(D11/$P$1+1,0)*E11 | G11: 伤害： 51 ~ 81 ，每次使用大型武器后有 32 %概率触发，必中！
B12: 3 | C12: 5.2 | D12: 38 | E12: 4 | F12: =ROUNDUP(D12/$P$1+1,0)*E12 | G12: 伤害： 61 ~ 91 ，每次使用大型武器后有 34 %概率触发，必中！
B13: 4 | C13: 6.3 | D13: 48 | E13: 5 | F13: =ROUNDUP(D13/$P$1+1,0)*E13 | G13: 伤害： 75 ~105，每次使用大型武器后有 36 %概率触发，必中！
B14: 5 | C14: 9.2 | D14: 54 | E14: 6 | F14: =ROUNDUP(D14/$P$1+1,0)*E14 | G14: 伤害：109~139，每次使用大型武器后有 38 %概率触发，必中！增加自身生命值 13
B15: 6 | C15: 10.4 | D15: 60 | E15: 7 | F15: =ROUNDUP(D15/$P$1+1,0)*E15 | G15: 伤害：124~154，每次使用大型武器后有 41 %概率触发，必中！增加自身生命值 17
B16: 7 | C16: 11.7 | D16: 70 | E16: 8 | F16: =ROUNDUP(D16/$P$1+1,0)*E16 | G16: 伤害：139~169，每次使用大型武器后有 44 %概率触发，必中！增加自身生命值 22
B17: 8 | C17: 13.5 | D17: 80 | E17: 9 | F17: =ROUNDUP(D17/$P$1+1,0)*E17 | G17: 伤害：161~191，每次使用大型武器后有 48 %概率触发，必中！增加自身生命值 28
B18: 9 | C18: 15.7 | D18: 100 | E18: 10 | F18: =ROUNDUP(D18/$P$1+1,0)*E18 | G18: 伤害：187~217，每次使用大型武器后有 52 %概率触发，必中！增加自身生命值 35
B19: 10 | C19: 23.2 | D19: 110 | E19: 12 | F19: =ROUNDUP(D19/$P$1+1,0)*E19 | G19: 伤害：277~307，每次使用大型武器后有 58 %概率触发，必中！增加自身生命值 44 ，大型武器附加伤害14
B20: 11 | C20: 26.3 | D20: 120 | E20: 14 | F20: =ROUNDUP(D20/$P$1+1,0)*E20 | G20: 伤害：315~345，每次使用大型武器后有 64 %概率触发，必中！增加自身生命值 53 ，大型武器附加伤害17
B21: 12 | C21: 29.7 | D21: 140 | E21: 16 | F21: =ROUNDUP(D21/$P$1+1,0)*E21 | G21: 伤害：355~385，每次使用大型武器后有 71 %概率触发，必中！增加自身生命值 65 ，大型武器附加伤害21
... B23: 14 | C23: 38 | D23: 240 | E23: 20 | F23: =ROUNDUP(D23/$P$1+1,0)*E23 | G23: 伤害：455~485，每次使用大型武器后有 89 %概率触发，必中！增加自身生命值 93 ，大型武器附加伤害30
B24: 15 | C24: 43 | D24: x | E24: x | F24: x | G24: 伤害：515~545，每次使用大型武器后有100%概率触发，必中！增加自身生命值110，大型武器附加伤害35
A25: 少林门武 少林戒刀 五级更名 镔铁雪花刀 十级更名 琉璃戒刀 | B25: 0 | C25: 3 | D25: 4 | E25: 1 | F25: =ROUNDUP(D25/$P$1+1,0)*E25 | G25: 伤害： 52 ~ 80 ，每次使用中型武器后有 30 %概率触发，必中！
B26: 1 | C26: 3.7 | D26: 14 | E26: 2 | F26: =ROUNDUP(D26/$P$1+1,0)*E26 | G26: 伤害： 62 ~ 90 ，每次使用中型武器后有 31 %概率触发，必中！
B27: 2 | C27: 4.7 | D27: 28 | E27: 3 | F27: =ROUNDUP(D27/$P$1+1,0)*E27 | G27: 伤害： 72 ~100，每次使用中型武器后有 32 %概率触发，必中！
B28: 3 | C28: 5.9 | D28: 46 | E28: 4 | F28: =ROUNDUP(D28/$P$1+1,0)*E28 | G28: 伤害： 87 ~115，每次使用中型武器后有 34 %概率触发，必中！
B29: 4 | C29: 7.3 | D29: 58 | E29: 5 | F29: =ROUNDUP(D29/$P$1+1,0)*E29 | G29: 伤害：104~132，每次使用中型武器后有 36 %概率触发，必中！
B30: 5 | C30: 11 | D30: 54 | E30: 6 | F30: =ROUNDUP(D30/$P$1+1,0)*E30 | G30: 伤害：148~176，每次使用中型武器后有 38 %概率触发，必中！增加自身命中率 3.5 %
B31: 6 | C31: 12.6 | D31: 72 | E31: 7 | F31: =ROUNDUP(D31/$P$1+1,0)*E31 | G31: 伤害：167~195，每次使用中型武器后有 41 %概率触发，必中！增加自身命中率 4.6 %
B32: 7 | C32: 14.3 | D32: 70 | E32: 8 | F32: =ROUNDUP(D32/$P$1+1,0)*E32 | G32: 伤害：188~216，每次使用中型武器后有 44 %概率触发，必中！增加自身命中率 5.9 %
B33: 8 | C33: 16.7 | D33: 96 | E33: 9 | F33: =ROUNDUP(D33/$P$1+1,0)*E33 | G33: 伤害：216~244，每次使用中型武器后有 48 %概率触发，必中！增加自身命中率 7.6 %
B34: 9 | C34: 19.6 | D34: 100 | E34: 10 | F34: =ROUNDUP(D34/$P$1+1,0)*E34 | G34: 伤害：251~279，每次使用中型武器后有 52 %概率触发，必中！增加自身命中率 9.6 %
B35: 10 | C35: 29.3 | D35: 110 | E35: 12 | F35: =ROUNDUP(D35/$P$1+1,0)*E35 | G35: 伤害：368~396，每次使用中型武器后有 58 %概率触发，必中！增加自身命中率11.9%，中型武器附加伤害14
B36: 11 | C36: 33.3 | D36: 144 | E36: 14 | F36: =ROUNDUP(D36/$P$1+1,0)*E36 | G36: 伤害：417~445，每次使用中型武器后有 64 %概率触发，必中！增加自身命中率14.5%，中型武器附加伤害17
B37: 12 | C37: 37.7 | D37: 140 | E37: 16 | F37: =ROUNDUP(D37/$P$1+1,0)*E37 | G37: 伤害：468~496，每次使用中型武器后有 71 %概率触发，必中！增加自身命中率17.6%，中型武器附加伤害21
... B39: 14 | C39: 48.6 | D39: 288 | E39: 20 | F39: =ROUNDUP(D39/$P$1+1,0)*E39 | G39: 伤害：599~627，每次使用中型武器后有 89 %概率触发，必中！增加自身命中率25.4%，中型武器附加伤害30
B40: 15 | C40: 55 | D40: x | E40: x | F40: x | G40: 伤害：676~704，每次使用中型武器后有100%概率触发，必中！增加自身命中率30.0%，中型武器附加伤害35
A41: 少林门技 大力金刚掌 | B41: 0 | C41: 3 | D41: 4 | E41: 1 | F41: =ROUNDUP(D41/$P$1+1,0)*E41 | G41: 20%概率触发，触发1次，必中！造成 12 点+自身生命上限3%的伤害值。
B42: 1 | C42: 3.7 | D42: 12 | E42: 2 | F42: =ROUNDUP(D42/$P$1+1,0)*E42 | G42: 20%概率触发，触发1次，必中！造成 14 点+自身生命上限3%的伤害值。
B43: 2 | C43: 4.3 | D43: 24 | E43: 3 | F43: =ROUNDUP(D43/$P$1+1,0)*E43 | G43: 20%概率触发，触发1次，必中！造成 17 点+自身生命上限3%的伤害值。
B44: 3 | C44: 5.2 | D44: 38 | E44: 4 | F44: =ROUNDUP(D44/$P$1+1,0)*E44 | G44: 20%概率触发，触发1次，必中！造成 20 点+自身生命上限3%的伤害值。
B45: 4 | C45: 6.3 | D45: 48 | E45: 5 | F45: =ROUNDUP(D45/$P$1+1,0)*E45 | G45: 20%概率触发，触发1次，必中！造成 25 点+自身生命上限3%的伤害值。
B46: 5 | C46: 7.6 | D46: 52 | E46: 6 | F46: =ROUNDUP(D46/$P$1+1,0)*E46 | G46: 24%概率触发，触发1次，必中！造成 30 点+自身生命上限3%的伤害值。
B47: 6 | C47: 9.2 | D47: 60 | E47: 7 | F47: =ROUNDUP(D47/$P$1+1,0)*E47 | G47: 25%概率触发，触发1次，必中！造成 36 点+自身生命上限3%的伤害值。
B48: 7 | C48: 10.9 | D48: 68 | E48: 8 | F48: =ROUNDUP(D48/$P$1+1,0)*E48 | G48: 26%概率触发，触发1次，必中！造成 43 点+自身生命上限3%的伤害值。
B49: 8 | C49: 13.1 | D49: 80 | E49: 9 | F49: =ROUNDUP(D49/$P$1+1,0)*E49 | G49: 28%概率触发，触发1次，必中！造成 52 点+自身生命上限3%的伤害值。
B50: 9 | C50: 15.7 | D50: 100 | E50: 10 | F50: =ROUNDUP(D50/$P$1+1,0)*E50 | G50: 30%概率触发，触发1次，必中！造成 63 点+自身生命上限3%的伤害值。
B51: 10 | C51: 18.8 | D51: 110 | E51: 12 | F51: =ROUNDUP(D51/$P$1+1,0)*E51 | G51: 32%概率触发，触发2次，必中！造成 75 点+自身生命上限3%的伤害值。
B52: 11 | C52: 22.3 | D52: 120 | E52: 14 | F52: =ROUNDUP(D52/$P$1+1,0)*E52 | G52: 35%概率触发，触发2次，必中！造成 90 点+自身生命上限3%的伤害值。
B53: 12 | C53: 26.5 | D53: 140 | E53: 16 | F53: =ROUNDUP(D53/$P$1+1,0)*E53 | G53: 38%概率触发，触发2次，必中！造成107点+自身生命上限3%的伤害值。
... B55: 14 | C55: 36.8 | D55: 240 | E55: 20 | F55: =ROUNDUP(D55/$P$1+1,0)*E55 | G55: 45%概率触发，触发2次，必中！造成149点+自身生命上限3%的伤害值。
B56: 15 | C56: 43 | D56: x | E56: x | F56: x | G56: 50%概率触发，触发2次，必中！造成173点+自身生命上限3%的伤害值。
A57: 少林门技 罗汉金身 | B57: 0 | C57: 3 | D57: 4 | E57: 1 | F57: =ROUNDUP(D57/$P$1+1,0)*E57 | G57: 30%概率触发，触发1次。免疫本次伤害并且有很高概率反弹所受到 50 %的伤害，最少为128点。
B58: 1 | C58: 3.7 | D58: 14 | E58: 2 | F58: =ROUNDUP(D58/$P$1+1,0)*E58 | G58: 30%概率触发，触发1次。免疫本次伤害并且有很高概率反弹所受到 52 %的伤害，最少为130点。
B59: 2 | C59: 4.5 | D59: 28 | E59: 3 | F59: =ROUNDUP(D59/$P$1+1,0)*E59 | G59: 30%概率触发，触发1次。免疫本次伤害并且有很高概率反弹所受到 53 %的伤害，最少为133点。
B60: 3 | C60: 5.4 | D60: 46 | E60: 4 | F60: =ROUNDUP(D60/$P$1+1,0)*E60 | G60: 30%概率触发，触发1次。免疫本次伤害并且有很高概率反弹所受到 55 %的伤害，最少为138点。
B61: 4 | C61: 6.6 | D61: 58 | E61: 5 | F61: =ROUNDUP(D61/$P$1+1,0)*E61 | G61: 30%概率触发，触发1次。免疫本次伤害并且有很高概率反弹所受到 58 %的伤害，最少为145点。
B62: 5 | C62: 8.1 | D62: 62 | E62: 6 | F62: =ROUNDUP(D62/$P$1+1,0)*E62 | G62: 35%概率触发，触发1次。免疫本次伤害并且有很高概率反弹所受到 62 %的伤害，最少为155点。
B63: 6 | C63: 9.8 | D63: 70 | E63: 7 | F63: =ROUNDUP(D63/$P$1+1,0)*E63 | G63: 36%概率触发，触发1次。免疫本次伤害并且有很高概率反弹所受到 65 %的伤害，最少为163点。
B64: 7 | C64: 11.7 | D64: 80 | E64: 8 | F64: =ROUNDUP(D64/$P$1+1,0)*E64 | G64: 38%概率触发，触发1次。免疫本次伤害并且有很高概率反弹所受到 70 %的伤害，最少为175点。
B65: 8 | C65: 14.1 | D65: 100 | E65: 9 | F65: =ROUNDUP(D65/$P$1+1,0)*E65 | G65: 40%概率触发，触发1次。免疫本次伤害并且有很高概率反弹所受到 75 %的伤害，最少为188点。
B66: 9 | C66: 17 | D66: 120 | E66: 10 | F66: =ROUNDUP(D66/$P$1+1,0)*E66 | G66: 43%概率触发，触发1次。免疫本次伤害并且有很高概率反弹所受到 82 %的伤害，最少为205点。
B67: 10 | C67: 20.4 | D67: 130 | E67: 12 | F67: =ROUNDUP(D67/$P$1+1,0)*E67 | G67: 46%概率触发，触发2次。免疫本次伤害并且有很高概率反弹所受到 90 %的伤害，最少为225点。
B68: 11 | C68: 24.3 | D68: 150 | E68: 14 | F68: =ROUNDUP(D68/$P$1+1,0)*E68 | G68: 49%概率触发，触发2次。免疫本次伤害并且有很高概率反弹所受到 98 %的伤害，最少为245点。
B69: 12 | C69: 28.9 | D69: 170 | E69: 16 | F69: =ROUNDUP(D69/$P$1+1,0)*E69 | G69: 54%概率触发，触发2次。免疫本次伤害并且有很高概率反弹所受到109%的伤害，最少为273点。
... B71: 14 | C71: 40.2 | D71: 290 | E71: 20 | F71: =ROUNDUP(D71/$P$1+1,0)*E71 | G71: 64%概率触发，触发2次。免疫本次伤害并且有很高概率反弹所受到135%的伤害，最少为338点。
B72: 15 | C72: 47 | D72: x | E72: x | F72: x | G72: 70%概率触发，触发2次。免疫本次伤害并且有很高概率反弹所受到150%的伤害，最少为375点。
A73: 少林门技 慈航普渡 | B73: 0 | C73: 3 | D73: 4 | E73: 1 | F73: =ROUNDUP(D73/$P$1+1,0)*E73 | G73: 30%概率触发，触发2次。回复自身 25 点生命值。
B74: 1 | C74: 3.6 | D74: 10 | E74: 2 | F74: =ROUNDUP(D74/$P$1+1,0)*E74 | G74: 30%概率触发，触发2次。回复自身 28 点生命值。
B75: 2 | C75: 4.2 | D75: 20 | E75: 3 | F75: =ROUNDUP(D75/$P$1+1,0)*E75 | G75: 30%概率触发，触发2次。回复自身 31 点生命值。
B76: 3 | C76: 5 | D76: 32 | E76: 4 | F76: =ROUNDUP(D76/$P$1+1,0)*E76 | G76: 30%概率触发，触发2次。回复自身 35 点生命值。
B77: 4 | C77: 6 | D77: 38 | E77: 5 | F77: =ROUNDUP(D77/$P$1+1,0)*E77 | G77: 30%概率触发，触发2次。回复自身 40 点生命值。
B78: 5 | C78: 7.2 | D78: 44 | E78: 6 | F78: =ROUNDUP(D78/$P$1+1,0)*E78 | G78: 32%概率触发，触发2次。回复自身 46 点生命值。
B79: 6 | C79: 8.5 | D79: 48 | E79: 7 | F79: =ROUNDUP(D79/$P$1+1,0)*E79 | G79: 33%概率触发，触发2次。回复自身 53 点生命值。
B80: 7 | C80: 10.1 | D80: 52 | E80: 8 | F80: =ROUNDUP(D80/$P$1+1,0)*E80 | G80: 34%概率触发，触发2次。回复自身 61 点生命值。
B81: 8 | C81: 12.1 | D81: 62 | E81: 9 | F81: =ROUNDUP(D81/$P$1+1,0)*E81 | G81: 35%概率触发，触发2次。回复自身 70 点生命值。
B82: 9 | C82: 14.5 | D82: 76 | E82: 10 | F82: =ROUNDUP(D82/$P$1+1,0)*E82 | G82: 36%概率触发，触发2次。回复自身 82 点生命值。
B83: 10 | C83: 17.2 | D83: 84 | E83: 12 | F83: =ROUNDUP(D83/$P$1+1,0)*E83 | G83: 38%概率触发，触发3次。回复自身 96 点生命值。
B84: 11 | C84: 20.4 | D84: 100 | E84: 14 | F84: =ROUNDUP(D84/$P$1+1,0)*E84 | G84: 40%概率触发，触发3次。回复自身112点生命值。
B85: 12 | C85: 24.2 | D85: 120 | E85: 16 | F85: =ROUNDUP(D85/$P$1+1,0)*E85 | G85: 42%概率触发，触发3次。回复自身131点生命值。
... B87: 14 | C87: 33.5 | D87: 200 | E87: 20 | F87: =ROUNDUP(D87/$P$1+1,0)*E87 | G87: 47%概率触发，触发3次。回复自身177点生命值。
B88: 15 | C88: 39 | D88: x | E88: x | F88: x | G88: 50%概率触发，触发3次。回复自身205点生命值。
A89: 少林门技 铁头功 | B89: 0 | C89: 3 | D89: 8 | E89: 1 | F89: =ROUNDUP(D89/$P$1+1,0)*E89 | G89: 30%概率触发，触发1次。造成 30 点伤害值，持续两回合增加固定减伤 50 点。
B90: 1 | C90: 3.9 | D90: 16 | E90: 2 | F90: =ROUNDUP(D90/$P$1+1,0)*E90 | G90: 30%概率触发，触发1次。造成 39 点伤害值，持续两回合增加固定减伤 54 点。
B91: 2 | C91: 4.7 | D91: 36 | E91: 3 | F91: =ROUNDUP(D91/$P$1+1,0)*E91 | G91: 30%概率触发，触发1次。造成 48 点伤害值，持续两回合增加固定减伤 58 点。
B92: 3 | C92: 5.9 | D92: 56 | E92: 4 | F92: =ROUNDUP(D92/$P$1+1,0)*E92 | G92: 30%概率触发，触发1次。造成 60 点伤害值，持续两回合增加固定减伤 64 点。
B93: 4 | C93: 7.3 | D93: 70 | E93: 5 | F93: =ROUNDUP(D93/$P$1+1,0)*E93 | G93: 30%概率触发，触发1次。造成 75 点伤害值，持续两回合增加固定减伤 71 点。
B94: 5 | C94: 9 | D94: 76 | E94: 6 | F94: =ROUNDUP(D94/$P$1+1,0)*E94 | G94: 35%概率触发，触发1次。造成 92 点伤害值，持续两回合增加固定减伤 79 点。
B95: 6 | C95: 11 | D95: 88 | E95: 7 | F95: =ROUNDUP(D95/$P$1+1,0)*E95 | G95: 36%概率触发，触发1次。造成113点伤害值，持续两回合增加固定减伤 88 点。
B96: 7 | C96: 13.3 | D96: 98 | E96: 8 | F96: =ROUNDUP(D96/$P$1+1,0)*E96 | G96: 38%概率触发，触发1次。造成137点伤害值，持续两回合增加固定减伤 99 点。
B97: 8 | C97: 16.1 | D97: 116 | E97: 9 | F97: =ROUNDUP(D97/$P$1+1,0)*E97 | G97: 40%概率触发，触发1次。造成166点伤害值，持续两回合增加固定减伤113点。
B98: 9 | C98: 19.6 | D98: 140 | E98: 10 | F98: =ROUNDUP(D98/$P$1+1,0)*E98 | G98: 43%概率触发，触发1次。造成202点伤害值，持续两回合增加固定减伤130点。
B99: 10 | C99: 23.6 | D99: 154 | E99: 12 | F99: =ROUNDUP(D99/$P$1+1,0)*E99 | G99: 46%概率触发，触发2次。造成244点伤害值，持续两回合增加固定减伤149点。
B100: 11 | C100: 28.1 | D100: 100 | E100: 14 | F100: =ROUNDUP(D100/$P$1+1,0)*E100 | G100: 49%概率触发，触发2次。造成291点伤害值，持续两回合增加固定减伤171点。
B101: 12 | C101: 33.6 | D101: 120 | E101: 16 | F101: =ROUNDUP(D101/$P$1+1,0)*E101 | G101: 54%概率触发，触发2次。造成347点伤害值，持续两回合增加固定减伤197点。
... B103: 14 | C103: 47 | D103: 200 | E103: 20 | F103: =ROUNDUP(D103/$P$1+1,0)*E103 | G103: 64%概率触发，触发2次。造成487点伤害值，持续两回合增加固定减伤262点。
B104: 15 | C104: 55 | D104: x | E104: x | F104: x | G104: 70%概率触发，触发2次。造成570点伤害值，持续两回合增加固定减伤300点。
A105: 华山门武 华山剑 五级更名 金蛇剑 十级更名 绝世好剑 | B105: 0 | C105: 3 | D105: 4 | E105: 1 | F105: =ROUNDUP(D105/$P$1+1,0)*E105 | G105: 伤害： 40 ~ 60 ，每次使用中型武器后有 30 %概率触发，必中！
B106: 1 | C106: 3.7 | D106: 12 | E106: 2 | F106: =ROUNDUP(D106/$P$1+1,0)*E106 | G106: 伤害： 51 ~ 71 ，每次使用中型武器后有 31 %概率触发，必中！
...

Sheet 神装神技
A1: 神装神技 | B1: 神装名称 | C1: 三阶技能 | D1: 六阶技能 | E1: 八阶技能 | F1: 祝福详情：神装等级祝福模式，永久有效。神装技能强化模式。 | M1: =首页索引!$M$1 | N1: =@IF(M1="中秋祝福",8,IF(M1="周年祝福",6,IF(M1="春节祝福",6,6)))
A2: 神兵原石 软猥金丝 凤凰羽毛 潜能果实 上古玉髓 奔流气息 神秘精华 | B2: 神兵 | C2: 神武之力 | D2: 断筋 | E2: 召唤神兵 | F2: 常规祝福：神装等级失败6点祝福值。技能7级前（含）必成，其余消耗少2个。材料120斗豆/斗币。
B3: 神铠 | C3: 圣盾术 | D3: 荆棘护甲 | E3: 无懈可击 | F3: 春节祝福：神装等级失败6点祝福值。技能7级前（含）必成，其余消耗少2个。材料100斗豆/斗币。
B4: 神羽 | C4: 惩击 | D4: 圣洁之躯 | E4: 愈合祷言 | F4: 周年祝福：神装等级失败6点祝福值。技能7级前（含）必成，其余消耗少2个。材料100斗豆/斗币。
B5: 神兽 | C5: 龟甲术 | D5: 重伤之爪 | E5: 蛮力猛击 | F5: 中秋祝福：神装等级失败8点祝福值。技能7级前（含）必成，其余消耗少3个。材料200斗豆/斗币。
B6: 神饰 | C6: 利刃 | D6: 皇族血统 | E6: 吸血咒 | F6: 神装套装：进度模式，永久有效，暂无活动。进度值随机1/2/5/10，神装之灵200斗豆。 满值材料按平均值2点计算。
B7: 神履 | C7: 蓄势待发 | D7: 足下生根 | E7: 迷踪步
A9: 神兵 | B9: 战斗力 | C9: 祝福值 | D9: 单次材料 | E9: 满值材料 | F9: 名称 | G9: 小投附伤 | H9: 大型附伤 | I9: 中型附伤 | J9: 生命值 | K9: 命中率 | L9: 摄魂战力 | M9: 摄魂数量
A10: 一阶 | B10: 1.5 | C10: 66 | D10: 1 | E10: =ROUNDUP(C10/$N$1+1,0)*D10 | F10: 青锋剑 | G10: 2 | H10: x | I10: x | J10: x | K10: x | L10: x | M10: x
A11: 二阶 | B11: 4 | C11: 66 | D11: 2 | E11: =ROUNDUP(C11/$N$1+1,0)*D11 | F11: 天下剑 | G11: 4 | H11: 4 | I11: x | J11: x | K11: x | L11: x | M11: x
A12: 三阶 | B12: 8 | C12: 100 | D12: 3 | E12: =ROUNDUP(C12/$N$1+1,0)*D12 | F12: 无双剑 | G12: 8 | H12: 8 | I12: 8 | J12: x | K12: x | L12: x | M12: x
A13: 四阶 | B13: 15 | C13: 200 | D13: 4 | E13: =ROUNDUP(C13/$N$1+1,0)*D13 | F13: 火磷剑 | G13: 12 | H13: 12 | I13: 12 | J13: 8 | K13: x | L13: x | M13: x
A14: 五阶 | B14: 24 | C14: 333 | D14: 6 | E14: =ROUNDUP(C14/$N$1+1,0)*D14 | F14: 惊寂刀 | G14: 16 | H14: 16 | I14: 16 | J14: 15 | K14: 7% | L14: =M14*0.2 | M14: 10
A15: 六阶 | B15: 32 | C15: 666 | D15: 8 | E15: =ROUNDUP(C15/$N$1+1,0)*D15 | F15: 天刃刀 | G15: 22 | H15: 22 | I15: 22 | J15: 24 | K15: 9% | L15: =M15*0.2 | M15: 20
A16: 七阶 | B16: 40 | C16: 1000 | D16: 10 | E16: =ROUNDUP(C16/$N$1+1,0)*D16 | F16: 贪狼剑 | G16: 28 | H16: 28 | I16: 28 | J16: 35 | K16: 11% | L16: =M16*0.2 | M16: 40
A17: 八阶 | B17: 48 | C17: 2000 | D17: 12 | E17: =ROUNDUP(C17/$N$1+1,0)*D17 | F17: 英雄剑 | G17: 34 | H17: 34 | I17: 34 | J17: 48 | K17: 13% | L17: =M17*0.2 | M17: 60
A18: 九阶 | B18: 60 | C18: 2000 | D18: 12 | E18: =ROUNDUP(C18/$N$1+1,0)*D18 | F18: 血饮狂刀 | G18: 40 | H18: 40 | I18: 40 | J18: 63 | K18: 15% | L18: =M18*0.2 | M18: 80
A19: 十阶 | B19: 80 | C19: x | D19: x | E19: x | F19: 绝世好剑 | G19: 50 | H19: 50 | I19: 50 | J19: 80 | K19: 18% | L19: =M19*0.2 | M19: 200
A21: 神铠 | B21: 战斗力 | C21: 祝福值 | D21: 单次材料 | E21: 满值材料 | F21: 名称 | G21: 小投附减 | H21: 大型附减 | I21: 中型附减 | J21: 生命值 | K21: 闪避率 | L21: 摄魂战力 | M21: 摄魂数量
A22: 一阶 | B22: 1.5 | C22: 66 | D22: 1 | E22: =ROUNDUP(C22/$N$1+1,0)*D22 | F22: 鳞甲 | G22: 2 | H22: x | I22: x | J22: x | K22: x | L22: x | M22: x
A23: 二阶 | B23: 4 | C23: 66 | D23: 2 | E23: =ROUNDUP(C23/$N$1+1,0)*D23 | F23: 锁子甲 | G23: 4 | H23: 4 | I23: x | J23: x | K23: x | L23: x | M23: x
A24: 三阶 | B24: 8 | C24: 100 | D24: 3 | E24: =ROUNDUP(C24/$N$1+1,0)*D24 | F24: 寒钢甲 | G24: 8 | H24: 8 | I24: 8 | J24: x | K24: x | L24: x | M24: x
A25: 四阶 | B25: 15 | C25: 200 | D25: 4 | E25: =ROUNDUP(C25/$N$1+1,0)*D25 | F25: 龙骨甲 | G25: 12 | H25: 12 | I25: 12 | J25: 8 | K25: x | L25: x | M25: x
A26: 五阶 | B26: 24 | C26: 333 | D26: 6 | E26: =ROUNDUP(C26/$N$1+1,0)*D26 | F26: 金蚕披风 | G26: 16 | H26: 16 | I26: 16 | J26: 15 | K26: 7% | L26: =M26*0.2 | M26: 10
A27: 六阶 | B27: 32 | C27: 666 | D27: 8 | E27: =ROUNDUP(C27/$N$1+1,0)*D27 | F27: 乾坤护心甲 | G27: 22 | H27: 22 | I27: 22 | J27: 24 | K27: 9% | L27: =M27*0.2 | M27: 20
A28: 七阶 | B28: 40 | C28: 1000 | D28: 10 | E28: =ROUNDUP(C28/$N$1+1,0)*D28 | F28: 蝉翼金丝甲 | G28: 28 | H28: 28 | I28: 28 | J28: 35 | K28: 11% | L28: =M28*0.2 | M28: 40
A29: 八阶 | B29: 48 | C29: 2000 | D29: 12 | E29: =ROUNDUP(C29/$N$1+1,0)*D29 | F29: 金丝鱼鳞甲 | G29: 34 | H29: 34 | I29: 34 | J29: 48 | K29: 13% | L29: =M29*0.2 | M29: 60
A30: 九阶 | B30: 60 | C30: 2000 | D30: 12 | E30: =ROUNDUP(C30/$N$1+1,0)*D30 | F30: 紫金磐龙甲 | G30: 40 | H30: 40 | I30: 40 | J30: 63 | K30: 15% | L30: =M30*0.2 | M30: 80
A31: 十阶 | B31: 80 | C31: x | D31: x | E31: x | F31: 混元一气甲 | G31: 50 | H31: 50 | I31: 50 | J31: 80 | K31: 18% | L31: =M31*0.2 | M31: 200
A33: 神羽 | B33: 战斗力 | C33: 祝福值 | D33: 单次材料 | E33: 满值材料 | F33: 名称 | G33: 技空附伤 | H33: 暴击伤害 | I33: 速度值 | J33: 生命值 | K33: 暴击率 | L33: 摄魂战力 | M33: 摄魂数量
A34: 一阶 | B34: 1.5 | C34: 66 | D34: 1 | E34: =ROUNDUP(C34/$N$1+1,0)*D34 | F34: 蜻蜓翅膀 | G34: 2 | H34: x | I34: x | J34: x | K34: x | L34: x | M34: x
A35: 二阶 | B35: 4 | C35: 66 | D35: 2 | E35: =ROUNDUP(C35/$N$1+1,0)*D35 | F35: 彩蝶翅膀 | G35: 4 | H35: 4% | I35: x | J35: x | K35: x | L35: x | M35: x
A36: 三阶 | B36: 8 | C36: 100 | D36: 3 | E36: =ROUNDUP(C36/$N$1+1,0)*D36 | F36: 大鹏展翅 | G36: 8 | H36: 8% | I36: 4 | J36: x | K36: x | L36: x | M36: x
A37: 四阶 | B37: 15 | C37: 200 | D37: 4 | E37: =ROUNDUP(C37/$N$1+1,0)*D37 | F37: 凤凰涅槃 | G37: 12 | H37: 12% | I37: 6 | J37: 8 | K37: x | L37: x | M37: x
A38: 五阶 | B38: 24 | C38: 333 | D38: 6 | E38: =ROUNDUP(C38/$N$1+1,0)*D38 | F38: 巨龙翱翔 | G38: 16 | H38: 16% | I38: 8 | J38: 15 | K38: 7% | L38: =M38*0.2 | M38: 10
A39: 六阶 | B39: 32 | C39: 666 | D39: 8 | E39: =ROUNDUP(C39/$N$1+1,0)*D39 | F39: 精灵之翼 | G39: 22 | H39: 22% | I39: 10 | J39: 24 | K39: 9% | L39: =M39*0.2 | M39: 20
A40: 七阶 | B40: 40 | C40: 1000 | D40: 10 | E40: =ROUNDUP(C40/$N$1+1,0)*D40 | F40: 雷神之翼 | G40: 28 | H40: 28% | I40: 13 | J40: 35 | K40: 11% | L40: =M40*0.2 | M40: 40
A41: 八阶 | B41: 48 | C41: 2000 | D41: 12 | E41: =ROUNDUP(C41/$N$1+1,0)*D41 | F41: 审判之翼 | G41: 34 | H41: 34% | I41: 16 | J41: 48 | K41: 13% | L41: =M41*0.2 | M41: 60
A42: 九阶 | B42: 60 | C42: 2000 | D42: 12 | E42: =ROUNDUP(C42/$N$1+1,0)*D42 | F42: 魔王降临 | G42: 40 | H42: 40% | I42: 20 | J42: 63 | K42: 15% | L42: =M42*0.2 | M42: 80
A43: 十阶 | B43: 80 | C43: x | D43: x | E43: x | F43: 六翼大天使 | G43: 50 | H43: 50% | I43: 25 | J43: 80 | K43: 18% | L43: =M43*0.2 | M43: 200
A45: 神兽 | B45: 战斗力 | C45: 祝福值 | D45: 单次材料 | E45: 满值材料 | F45: 名称 | G45: 技空附减 | H45: 暴击减伤 | I45: 力量值 | J45: 生命值 | K45: 抗暴率 | L45: 摄魂战力 | M45: 摄魂数量
A46: 一阶 | B46: 1.5 | C46: 66 | D46: 1 | E46: =ROUNDUP(C46/$N$1+1,0)*D46 | F46: 吉祥锦鲤 | G46: 2 | H46: x | I46: x | J46: x | K46: x | L46: x | M46: x
A47: 二阶 | B47: 4 | C47: 66 | D47: 2 | E47: =ROUNDUP(C47/$N$1+1,0)*D47 | F47: 广寒月兔 | G47: 4 | H47: 4% | I47: x | J47: x | K47: x | L47: x | M47: x
A48: 三阶 | B48: 8 | C48: 100 | D48: 3 | E48: =ROUNDUP(C48/$N$1+1,0)*D48 | F48: 汗血宝马 | G48: 8 | H48: 8% | I48: 4 | J48: x | K48: x | L48: x | M48: x
A49: 四阶 | B49: 15 | C49: 200 | D49: 4 | E49: =ROUNDUP(C49/$N$1+1,0)*D49 | F49: 哮天犬 | G49: 12 | H49: 12% | I49: 6 | J49: 8 | K49: x | L49: x | M49: x
A50: 五阶 | B50: 24 | C50: 333 | D50: 6 | E50: =ROUNDUP(C50/$N$1+1,0)*D50 | F50: 洪荒巨熊 | G50: 16 | H50: 16% | I50: 8 | J50: 15 | K50: 7% | L50: =M50*0.2 | M50: 10
A51: 六阶 | B51: 32 | C51: 666 | D51: 8 | E51: =ROUNDUP(C51/$N$1+1,0)*D51 | F51: 剑齿猛虎 | G51: 22 | H51: 22% | I51: 10 | J51: 24 | K51: 9% | L51: =M51*0.2 | M51: 20
A52: 七阶 | B52: 40 | C52: 1000 | D52: 10 | E52: =ROUNDUP(C52/$N$1+1,0)*D52 | F52: 北冥玄武 | G52: 28 | H52: 28% | I52: 13 | J52: 35 | K52: 11% | L52: =M52*0.2 | M52: 40
A53: 八阶 | B53: 48 | C53: 2000 | D53: 12 | E53: =ROUNDUP(C53/$N$1+1,0)*D53 | F53: 雷光麒麟 | G53: 34 | H53: 34% | I53: 16 | J53: 48 | K53: 13% | L53: =M53*0.2 | M53: 60
A54: 九阶 | B54: 60 | C54: 2000 | D54: 12 | E54: =ROUNDUP(C54/$N$1+1,0)*D54 | F54: 烈火朱雀 | G54: 40 | H54: 40% | I54: 20 | J54: 63 | K54: 15% | L54: =M54*0.2 | M54: 80
A55: 十阶 | B55: 80 | C55: x | D55: x | E55: x | F55: 九天神龙 | G55: 50 | H55: 50% | I55: 25 | J55: 80 | K55: 18% | L55: =M55*0.2 | M55: 200
A57: 神饰 | B57: 战斗力 | C57: 祝福值 | D57: 单次材料 | E57: 满值材料 | F57: 名称 | G57: 武伤增减 | H57: 闪避率 | I57: 敏捷值 | J57: 生命值 | K57: 命中率 | L57: 摄魂战力 | M57: 摄魂数量
A58: 一阶 | B58: 1.5 | C58: 66 | D58: 1 | E58: =ROUNDUP(C58/$N$1+1,0)*D58 | F58: 彩银指环 | G58: 1% | H58: x | I58: x | J58: x | K58: x | L58: x | M58: x
A59: 二阶 | B59: 4 | C59: 66 | D59: 2 | E59: =ROUNDUP(C59/$N$1+1,0)*D59 | F59: 铂金指环 | G59: 2% | H59: 2% | I59: x | J59: x | K59: x | L59: x | M59: x
A60: 三阶 | B60: 8 | C60: 100 | D60: 3 | E60: =ROUNDUP(C60/$N$1+1,0)*D60 | F60: 蛋白石坠饰 | G60: 3% | H60: 3% | I60: 4 | J60: x | K60: x | L60: x | M60: x
A61: 四阶 | B61: 15 | C61: 200 | D61: 4 | E61: =ROUNDUP(C61/$N$1+1,0)*D61 | F61: 孔雀石坠饰 | G61: 5% | H61: 5% | I61: 6 | J61: 8 | K61: x | L61: x | M61: x
A62: 五阶 | B62: 24 | C62: 333 | D62: 6 | E62: =ROUNDUP(C62/$N$1+1,0)*D62 | F62: 猫眼石坠饰 | G62: 7% | H62: 7% | I62: 8 | J62: 15 | K62: 7% | L62: =M62*0.2 | M62: 10
A63: 六阶 | B63: 32 | C63: 666 | D63: 8 | E63: =ROUNDUP(C63/$N$1+1,0)*D63 | F63: 红宝石手镯 | G63: 9% | H63: 9% | I63: 10 | J63: 24 | K63: 9% | L63: =M63*0.2 | M63: 20
A64: 七阶 | B64: 40 | C64: 1000 | D64: 10 | E64: =ROUNDUP(C64/$N$1+1,0)*D64 | F64: 蓝水晶权杖 | G64: 11% | H64: 11% | I64: 13 | J64: 35 | K64: 11% | L64: =M64*0.2 | M64: 40
A65: 八阶 | B65: 48 | C65: 2000 | D65: 12 | E65: =ROUNDUP(C65/$N$1+1,0)*D65 | F65: 皇紫晶权杖 | G65: 13% | H65: 13% | I65: 16 | J65: 48 | K65: 13% | L65: =M65*0.2 | M65: 60
A66: 九阶 | B66: 60 | C66: 2000 | D66: 12 | E66: =ROUNDUP(C66/$N$1+1,0)*D66 | F66: 黑暗翡翠碧玺 | G66: 15% | H66: 15% | I66: 20 | J66: 63 | K66: 15% | L66: =M66*0.2 | M66: 80
A67: 十阶 | B67: 80 | C67: x | D67: x | E67: x | F67: 粉红钻石皇冠 | G67: 18% | H67: 18% | I67: 25 | J67: 80 | K67: 18% | L67: =M67*0.2 | M67: 200
A69: 神履 | B69: 战斗力 | C69: 祝福值 | D69: 单次材料 | E69: 满值材料 | F69: 名称 | G69: 技空增减 | H69: 抗暴率 | I69: 扔武增伤 | J69: 生命值 | K69: 暴击率 | L69: 摄魂战力 | M69: 摄魂数量
A70: 一阶 | B70: 1.5 | C70: 66 | D70: 1 | E70: =ROUNDUP(C70/$N$1+1,0)*D70 | F70: 神行靴 | G70: 1% | H70: x | I70: x | J70: x | K70: x | L70: x | M70: x
A71: 二阶 | B71: 4 | C71: 66 | D71: 2 | E71: =ROUNDUP(C71/$N$1+1,0)*D71 | F71: 追星踏月 | G71: 2% | H71: 2% | I71: x | J71: x | K71: x | L71: x | M71: x
A72: 三阶 | B72: 8 | C72: 100 | D72: 3 | E72: =ROUNDUP(C72/$N$1+1,0)*D72 | F72: 万里追云履 | G72: 3% | H72: 3% | I72: 3% | J72: x | K72: x | L72: x | M72: x
A73: 四阶 | B73: 15 | C73: 200 | D73: 4 | E73: =ROUNDUP(C73/$N$1+1,0)*D73 | F73: 平步青云 | G73: 5% | H73: 5% | I73: 5% | J73: 8 | K73: x | L73: x | M73: x
A74: 五阶 | B74: 24 | C74: 333 | D74: 6 | E74: =ROUNDUP(C74/$N$1+1,0)*D74 | F74: 追云逐电 | G74: 7% | H74: 7% | I74: 7% | J74: 15 | K74: 7% | L74: =M74*0.2 | M74: 10
A75: 六阶 | B75: 32 | C75: 666 | D75: 8 | E75: =ROUNDUP(C75/$N$1+1,0)*D75 | F75: 乾坤天罡履 | G75: 9% | H75: 9% | I75: 9% | J75: 24 | K75: 9% | L75: =M75*0.2 | M75: 20
A76: 七阶 | B76: 40 | C76: 1000 | D76: 10 | E76: =ROUNDUP(C76/$N$1+1,0)*D76 | F76: 七星逐月履 | G76: 11% | H76: 11% | I76: 11% | J76: 35 | K76: 11% | L76: =M76*0.2 | M76: 40
A77: 八阶 | B77: 48 | C77: 2000 | D77: 12 | E77: =ROUNDUP(C77/$N$1+1,0)*D77 | F77: 碧霞流云履 | G77: 13% | H77: 13% | I77: 13% | J77: 48 | K77: 13% | L77: =M77*0.2 | M77: 60
A78: 九阶 | B78: 60 | C78: 2000 | D78: 12 | E78: =ROUNDUP(C78/$N$1+1,0)*D78 | F78: 金丝逐日履 | G78: 15% | H78: 15% | I78: 15% | J78: 63 | K78: 15% | L78: =M78*0.2 | M78: 80
A79: 十阶 | B79: 80 | C79: x | D79: x | E79: x | F79: 辟尘分光履 | G79: 18% | H79: 18% | I79: 18% | J79: 80 | K79: 18% | L79: =M79*0.2 | M79: 200
A81: 神兵技 | B81: 战斗力 | C81: 升级材料 | D81: 效果说明（升级材料前7级为活动期间必成数量，其余为单次数量）
A82: 神武之力 激活条件 神兵三阶 满级名称 武神附体 | B82: 1 | C82: 1 | D82: 等级 0 ：使用武器造成的附加伤害提高 1 点。
B83: 1.3 | C83: 3 | D83: 等级 1 ：使用武器造成的附加伤害提高 2 点。
B84: 1.6 | C84: 6 | D84: 等级 2 ：使用武器造成的附加伤害提高 3 点。
B85: 1.9 | C85: 16 | D85: 等级 3 ：使用武器造成的附加伤害提高 4 点。
B86: 2.2 | C86: 25 | D86: 等级 4 ：使用武器造成的附加伤害提高 5 点。
B87: 2.6 | C87: 40 | D87: 等级 5 ：使用武器造成的附加伤害提高 7 点。
B88: 3 | C88: 60 | D88: 等级 6 ：使用武器造成的附加伤害提高 9 点。
B89: 3.4 | C89: 80 | D89: 等级 7 ：使用武器造成的附加伤害提高11点。
B90: 3.8 | C90: =@IF($M$1="中秋祝福",6,7) | D90: 等级 8 ：使用武器造成的附加伤害提高13点。
B91: 4.3 | C91: =@IF($M$1="中秋祝福",7,8) | D91: 等级 9 ：使用武器造成的附加伤害提高16点。
B92: 5 | C92: x | D92: 等级10：使用武器造成的附加伤害提高20点。
A93: 断筋 激活条件 神兵六阶 满级名称 分筋错骨 | B93: 1 | C93: 1 | D93: 等级 0 ：每次使用武器击中对方都使对方的速度降低 1 点，该效果持续到战斗结束。最多降低对方速度的10%。
B94: 1.3 | C94: 3 | D94: 等级 1 ：每次使用武器击中对方都使对方的速度降低 2 点，该效果持续到战斗结束。最多降低对方速度的10%。
B95: 1.6 | C95: 6 | D95: 等级 2 ：每次使用武器击中对方都使对方的速度降低 3 点，该效果持续到战斗结束。最多降低对方速度的10%。
B96: 1.9 | C96: 16 | D96: 等级 3 ：每次使用武器击中对方都使对方的速度降低 4 点，该效果持续到战斗结束。最多降低对方速度的20%。
B97: 2.2 | C97: 25 | D97: 等级 4 ：每次使用武器击中对方都使对方的速度降低 5 点，该效果持续到战斗结束。最多降低对方速度的20%。
B98: 2.6 | C98: 40 | D98: 等级 5 ：每次使用武器击中对方都使对方的速度降低 6 点，该效果持续到战斗结束。最多降低对方速度的20%。
B99: 3 | C99: 60 | D99: 等级 6 ：每次使用武器击中对方都使对方的速度降低 7 点，该效果持续到战斗结束。最多降低对方速度的30%。
B100: 3.4 | C100: 80 | D100: 等级 7 ：每次使用武器击中对方都使对方的速度降低 8 点，该效果持续到战斗结束。最多降低对方速度的30%。
B101: 3.8 | C101: =@IF($M$1="中秋祝福",6,7) | D101: 等级 8 ：每次使用武器击中对方都使对方的速度降低 9 点，该效果持续到战斗结束。最多降低对方速度的30%。
B102: 4.3 | C102: =@IF($M$1="中秋祝福",7,8) | D102: 等级 9 ：每次使用武器击中对方都使对方的速度降低10点，该效果持续到战斗结束。最多降低对方速度的40%。
B103: 5 | C103: x | D103: 等级10：每次使用武器击中对方都使对方的速度降低12点，该效果持续到战斗结束。最多降低对方速度的50%。
A104: 召唤神兵 激活条件 神兵八阶 满级名称 大杀四方 | B104: 1.5 | C104: 1 | D104: 等级 0 ：造成40+0.50*等级点伤害。必中！免疫大海无量，破除装死效果！只能触发1次。
B105: 1.9 | C105: 3 | D105: 等级 1 ：造成42+0.53*等级点伤害。必中！免疫大海无量，破除装死效果！只能触发1次。
B106: 2.3 | C106: 8 | D106: 等级 2 ：造成44+0.56*等级点伤害。必中！免疫大海无量，破除装死效果！只能触发1次。
B107: 2.7 | C107: 20 | D107: 等级 3 ：造成47+0.60*等级点伤害。必中！免疫大海无量，破除装死效果！只能触发1次。
...

Sheet 奥义奥技
A1: 奥义奥技 | B1: 青龙奥义 | C1: 白虎奥义 | D1: 朱雀奥义 | E1: 玄武奥义 | F1: 祝福详情：奥义等级祝福模式三阶起清，活动期间永久有效。奥义技能祝福模式，永久有效。 | O1: =首页索引!$M$1 | P1: =@IF($O$1="中秋祝福",6,IF($O$1="周年祝福",5,IF($O$1="春节祝福",5,4)))
A2: 奥秘元素 四灵魂石 | B2: 影刃乱舞 | C2: 恐惧洪流 | D2: 移形换影 | E2: 青龙守护 | F2: 常规祝福：奥义等级五阶5星前（含）失败4点祝福值。奥义技能7级前（含）失败3点祝福值。材料120斗豆。 | P2: =@IF($O$1="中秋祝福",4,IF($O$1="周年祝福",4,IF($O$1="春节祝福",4,3)))
B3: 神之泪影 | C3: 弹指神通 | D3: 杨柳甘露 | E3: 玄武守护 | F3: 春节祝福：奥义等级五阶5星前（含）失败5点祝福值。奥义技能7级前（含）失败4点祝福值。材料100斗豆。
B4: 蟠龙翻江 | C4: 瞬杀冲锋 | D4: 吉人天相 | E4: 白虎守护 | F4: 周年祝福：奥义等级五阶5星前（含）失败5点祝福值。奥义技能7级前（含）失败4点祝福值。材料100斗豆。 | Q4: 10000 | R4: 输入伤害
B5: 龙魂风暴 | C5: 狮吼功 | D5: 三花聚顶 | E5: 朱雀守护 | F5: 中秋祝福：奥义等级五阶5星前（含）失败6点祝福值。奥义技能7级前（含）失败4点祝福值。材料200斗豆。 | Q5: 10000 | R5: 输入生命
A6: 奥义等级 | B6: 战斗力 | C6: 祝福值 | D6: 单次材料 | E6: 满值材料 | F6: 生命值 | G6: 技能增伤 | H6: 暴击率 | I6: 抗暴率 | J6: 闪避率 | K6: 命中率 | L6: 效果说明 | P6: 折算公式 | R6: 输出伤害 | S6: 计算1 | T6: 计算2
A7: 一阶0星 | B7: 1 | C7: 12 | D7: 1 | E7: =ROUNDUP(C7/$P$1+1,0)*D7 | F7: 3 | G7: 1% | H7: x | I7: x | J7: x | K7: x | L7: 单次伤害超过生命值上限40%的部分减伤20%。 | P7: 0.80伤害+0.0800血量 | R7: =S7*$Q$4+T7*$Q$5 | S7: 0.8 | T7: 0.08
A8: 一阶1星 | B8: 2 | C8: 16 | D8: 1 | E8: =ROUNDUP(C8/$P$1+1,0)*D8 | F8: 6 | G8: 2% | H8: x | I8: x | J8: x | K8: x | L8: 单次伤害超过生命值上限40%的部分减伤21%。 | P8: 0.79伤害+0.0840血量 | R8: =S8*$Q$4+T8*$Q$5 | S8: 0.79 | T8: 0.084
A9: 一阶2星 | B9: 3.2 | C9: 20 | D9: 2 | E9: =ROUNDUP(C9/$P$1+1,0)*D9 | F9: 9 | G9: 3% | H9: x | I9: x | J9: x | K9: x | L9: 单次伤害超过生命值上限40%的部分减伤22%。 | P9: 0.78伤害+0.0880血量 | R9: =S9*$Q$4+T9*$Q$5 | S9: 0.78 | T9: 0.088
A10: 一阶3星 | B10: 4.6 | C10: 24 | D10: 2 | E10: =ROUNDUP(C10/$P$1+1,0)*D10 | F10: 12 | G10: 4% | H10: x | I10: x | J10: x | K10: x | L10: 单次伤害超过生命值上限40%的部分减伤23%。 | P10: 0.77伤害+0.0920血量 | R10: =S10*$Q$4+T10*$Q$5 | S10: 0.77 | T10: 0.092
A11: 一阶4星 | B11: 6.2 | C11: 30 | D11: 3 | E11: =ROUNDUP(C11/$P$1+1,0)*D11 | F11: 15 | G11: 5% | H11: x | I11: x | J11: x | K11: x | L11: 单次伤害超过生命值上限40%的部分减伤24%。 | P11: 0.76伤害+0.0960血量 | R11: =S11*$Q$4+T11*$Q$5 | S11: 0.76 | T11: 0.096
A12: 一阶5星 | B12: 8 | C12: 36 | D12: 3 | E12: =ROUNDUP(C12/$P$1+1,0)*D12 | F12: 18 | G12: 6% | H12: x | I12: x | J12: x | K12: x | L12: 单次伤害超过生命值上限40%的部分减伤25%。 | P12: 0.75伤害+0.1000血量 | R12: =S12*$Q$4+T12*$Q$5 | S12: 0.75 | T12: 0.1
A13: 二阶0星 | B13: 11 | C13: 44 | D13: 4 | E13: =ROUNDUP(C13/$P$1+1,0)*D13 | F13: 30 | G13: 8% | H13: 2.6% | I13: x | J13: x | K13: x | L13: 单次伤害超过生命值上限38%的部分减伤26%。 | P13: 0.74伤害+0.0988血量 | R13: =S13*$Q$4+T13*$Q$5 | S13: 0.74 | T13: 0.0988
A14: 二阶1星 | B14: 13.5 | C14: 50 | D14: 4 | E14: =ROUNDUP(C14/$P$1+1,0)*D14 | F14: 39 | G14: 10% | H14: 3.3% | I14: x | J14: x | K14: x | L14: 单次伤害超过生命值上限38%的部分减伤27%。 | P14: 0.73伤害+0.1026血量 | R14: =S14*$Q$4+T14*$Q$5 | S14: 0.73 | T14: 0.1026
A15: 二阶2星 | B15: 16.5 | C15: 54 | D15: 5 | E15: =ROUNDUP(C15/$P$1+1,0)*D15 | F15: 48 | G15: 12% | H15: 4% | I15: x | J15: x | K15: x | L15: 单次伤害超过生命值上限38%的部分减伤28%。 | P15: 0.72伤害+0.1064血量 | R15: =S15*$Q$4+T15*$Q$5 | S15: 0.72 | T15: 0.1064
A16: 二阶3星 | B16: 20 | C16: 60 | D16: 5 | E16: =ROUNDUP(C16/$P$1+1,0)*D16 | F16: 57 | G16: 14% | H16: 4.6% | I16: x | J16: x | K16: x | L16: 单次伤害超过生命值上限38%的部分减伤29%。 | P16: 0.71伤害+0.1102血量 | R16: =S16*$Q$4+T16*$Q$5 | S16: 0.71 | T16: 0.1102
A17: 二阶4星 | B17: 24 | C17: 80 | D17: 6 | E17: =ROUNDUP(C17/$P$1+1,0)*D17 | F17: 66 | G17: 16% | H17: 5.3% | I17: x | J17: x | K17: x | L17: 单次伤害超过生命值上限38%的部分减伤30%。 | P17: 0.70伤害+0.1140血量 | R17: =S17*$Q$4+T17*$Q$5 | S17: 0.7 | T17: 0.114
A18: 二阶5星 | B18: 28.5 | C18: 90 | D18: 6 | E18: =ROUNDUP(C18/$P$1+1,0)*D18 | F18: 75 | G18: 18% | H18: 6% | I18: x | J18: x | K18: x | L18: 单次伤害超过生命值上限38%的部分减伤32%。 | P18: 0.68伤害+0.1216血量 | R18: =S18*$Q$4+T18*$Q$5 | S18: 0.68 | T18: 0.1216
... A35: 五阶4星 | B35: 180 | C35: 1800 | D35: 15 | E35: =ROUNDUP(C35/$P$1+1,0)*D35 | F35: 467 | G35: 95% | H35: 28.3% | I35: 28.3% | J35: 28.3% | K35: 28.3% | L35: 单次伤害超过生命值上限26%的部分减伤76%。 | P35: 0.24伤害+0.1976血量 | R35: =S35*$Q$4+T35*$Q$5 | S35: 0.24 | T35: 0.1976
A36: 五阶5星 | B36: 200 | C36: x | D36: x | E36: x | F36: 500 | G36: 100% | H36: 30% | I36: 30% | J36: 30% | K36: 30% | L36: 单次伤害超过生命值上限25%的部分减伤80%。 | P36: 0.20伤害+0.2000血量 | R36: =S36*$Q$4+T36*$Q$5 | S36: 0.2 | T36: 0.2
A38: 技能等级 | B38: 战斗力 | C38: 祝福值 | D38: 单次材料 | E38: 满值材料 | F38: 满值积分 | G38: 生命值 | H38: 技能附伤 | I38: 初始怒气 | J38: 技能命中 | K38: 初始怒气 | L38: 技能附减 | M38: 初始怒气 | N38: 技能暴击 | O38: 初始怒气
A39: 0级 | B39: 0.5 | C39: 18 | D39: 1 | E39: =ROUNDUP(C39/$P$2+1,0)*D39 | F39: =E39*40 | G39: 1 | H39: 1 | I39: 0 | J39: 1% | K39: 0 | L39: 1 | M39: 0 | N39: 1% | O39: 0
A40: 1级 | B40: 1 | C40: 36 | D40: 2 | E40: =ROUNDUP(C40/$P$2+1,0)*D40 | F40: =E40*40 | G40: 5 | H40: 3 | I40: 1 | J40: 2% | K40: 1 | L40: 3 | M40: 1 | N40: 2% | O40: 3
A41: 2级 | B41: 2.5 | C41: 70 | D41: 4 | E41: =ROUNDUP(C41/$P$2+1,0)*D41 | F41: =E41*40 | G41: 21 | H41: 8 | I41: 2 | J41: 4% | K41: 2 | L41: 8 | M41: 4 | N41: 4% | O41: 7
A42: 3级 | B42: 5 | C42: 90 | D42: 6 | E42: =ROUNDUP(C42/$P$2+1,0)*D42 | F42: =E42*40 | G42: 21 | H42: 15 | I42: 3 | J42: 7% | K42: 3 | L42: 15 | M42: 7 | N42: 7% | O42: 11
A43: 4级 | B43: 8.5 | C43: 120 | D43: 8 | E43: =ROUNDUP(C43/$P$2+1,0)*D43 | F43: =E43*40 | G43: 33 | H43: 23 | I43: 4 | J43: 11% | K43: 5 | L43: 23 | M43: 10 | N43: 11% | O43: 15
A44: 5级 | B44: 13 | C44: 160 | D44: 10 | E44: =ROUNDUP(C44/$P$2+1,0)*D44 | F44: =E44*40 | G44: 47 | H44: 32 | I44: 5 | J44: 16% | K44: 7 | L44: 32 | M44: 13 | N44: 16% | O44: 19
A45: 6级 | B45: 18.5 | C45: 200 | D45: 12 | E45: =ROUNDUP(C45/$P$2+1,0)*D45 | F45: =E45*40 | G45: 63 | H45: 42 | I45: 6 | J45: 21% | K45: 9 | L45: 42 | M45: 16 | N45: 21% | O45: 24
A46: 7级 | B46: 25 | C46: 280 | D46: 14 | E46: =ROUNDUP(C46/$P$2+1,0)*D46 | F46: =E46*40 | G46: 82 | H46: 53 | I46: 7 | J46: 27% | K46: 11 | L46: 53 | M46: 20 | N46: 27% | O46: 29
A47: 8级 | B47: 32.5 | C47: 360 | D47: 17 | E47: =ROUNDUP(C47/2+1,0)*D47 | F47: =E47*40 | G47: 107 | H47: 65 | I47: 8 | J47: 33% | K47: 13 | L47: 65 | M47: 24 | N47: 33% | O47: 35
A48: 9级 | B48: 40.5 | C48: 600 | D48: 20 | E48: =ROUNDUP(C48/2+1,0)*D48 | F48: =E48*40 | G48: 143 | H48: 80 | I48: 9 | J48: 40% | K48: 16 | L48: 80 | M48: 29 | N48: 40% | O48: 42
A49: 10级 | B49: 50 | C49: x | D49: x | E49: x | F49: x | G49: 200 | H49: 100 | I49: 10 | J49: 50% | K49: 20 | L49: 100 | M49: 35 | N49: 50% | O49: 50
A50: 适用范围 | B50: 通用值 | H50: 二阶5星 激活青龙 | J50: 三阶5星 激活白虎 | L50: 四阶5星 激活朱雀 | N50: 五阶5星 激活玄武
A52: 技能名称 | B52: 效果说明
A53: 青龙奥义 佛山无影脚 影刃乱舞 | B53: 等级 0 ：造成 50 点+自身力量* 50 %的伤害，自身命中率+31%持续2回合，无视大海。
B54: 等级 1 ：造成 56 点+自身力量* 50 %的伤害，自身命中率+32%持续2回合，无视大海。
B55: 等级 2 ：造成 64 点+自身力量* 60 %的伤害，自身命中率+34%持续2回合，无视大海。
B56: 等级 3 ：造成 73 点+自身力量* 60 %的伤害，自身命中率+37%持续2回合，无视大海。
B57: 等级 4 ：造成 84 点+自身力量* 70 %的伤害，自身命中率+41%持续2回合，无视大海。
B58: 等级 5 ：造成 97 点+自身力量* 70 %的伤害，自身命中率+46%持续3回合，无视大海。
B59: 等级 6 ：造成113点+自身力量* 80 %的伤害，自身命中率+51%持续3回合，无视大海。
B60: 等级 7 ：造成131点+自身力量* 80 %的伤害，自身命中率+57%持续3回合，无视大海。
B61: 等级 8 ：造成150点+自身力量* 90 %的伤害，自身命中率+63%持续3回合，无视大海。
B62: 等级 9 ：造成171点+自身力量* 90 %的伤害，自身命中率+70%持续3回合，无视大海。
B63: 等级10：造成200点+自身力量*100%的伤害，自身命中率+80%持续3回合，无视大海。
A64: 青龙奥义 天使之翼 神之泪影 | B64: 等级 0 ：造成 50 点+自身敏捷* 50 %的伤害，无视大海不能被反弹。必暴击！
B65: 等级 1 ：造成 56 点+自身敏捷* 50 %的伤害，无视大海不能被反弹。必暴击！
B66: 等级 2 ：造成 64 点+自身敏捷* 60 %的伤害，无视大海不能被反弹。必暴击！
B67: 等级 3 ：造成 73 点+自身敏捷* 60 %的伤害，无视大海不能被反弹。必暴击！
B68: 等级 4 ：造成 84 点+自身敏捷* 70 %的伤害，无视大海不能被反弹。必暴击！
B69: 等级 5 ：造成 97 点+自身敏捷* 70 %的伤害，无视大海不能被反弹。必暴击！
B70: 等级 6 ：造成113点+自身敏捷* 80 %的伤害，无视大海不能被反弹。必暴击！
B71: 等级 7 ：造成131点+自身敏捷* 80 %的伤害，无视大海不能被反弹。必暴击！
B72: 等级 8 ：造成150点+自身敏捷* 90 %的伤害，无视大海不能被反弹。必暴击！
B73: 等级 9 ：造成171点+自身敏捷* 90 %的伤害，无视大海不能被反弹。必暴击！
B74: 等级10：造成200点+自身敏捷*100%的伤害，无视大海不能被反弹。必暴击！
A75: 青龙奥义 天残脚 蟠龙翻江 | B75: 等级 0 ：造成150点伤害，之后每回合额外附加自身速度*10%点伤害持续2回合，不能被反弹。
B76: 等级 1 ：造成162点伤害，之后每回合额外附加自身速度*10%点伤害持续2回合，不能被反弹。
B77: 等级 2 ：造成174点伤害，之后每回合额外附加自身速度*11%点伤害持续2回合，不能被反弹。
B78: 等级 3 ：造成192点伤害，之后每回合额外附加自身速度*11%点伤害持续2回合，不能被反弹。
B79: 等级 4 ：造成216点伤害，之后每回合额外附加自身速度*12%点伤害持续2回合，不能被反弹。
B80: 等级 5 ：造成246点伤害，之后每回合额外附加自身速度*12%点伤害持续3回合，不能被反弹。
B81: 等级 6 ：造成276点伤害，之后每回合额外附加自身速度*13%点伤害持续3回合，不能被反弹。
B82: 等级 7 ：造成312点伤害，之后每回合额外附加自身速度*13%点伤害持续3回合，不能被反弹。
B83: 等级 8 ：造成348点伤害，之后每回合额外附加自身速度*14%点伤害持续3回合，不能被反弹。
B84: 等级 9 ：造成390点伤害，之后每回合额外附加自身速度*14%点伤害持续3回合，不能被反弹。
B85: 等级10：造成450点伤害，之后每回合额外附加自身速度*15%点伤害持续3回合，不能被反弹。
A86: 青龙奥义 龙卷风 龙魂风暴 | B86: 等级 0 ：造成150点+自身等级* 50 %的伤害，自身闪避率+31%持续2回合。破装死！
B87: 等级 1 ：造成162点+自身等级* 60 %的伤害，自身闪避率+32%持续2回合。破装死！
B88: 等级 2 ：造成174点+自身等级* 70 %的伤害，自身闪避率+34%持续2回合。破装死！
B89: 等级 3 ：造成192点+自身等级* 80 %的伤害，自身闪避率+37%持续2回合。破装死！
B90: 等级 4 ：造成216点+自身等级* 90 %的伤害，自身闪避率+41%持续2回合。破装死！
B91: 等级 5 ：造成246点+自身等级*100%的伤害，自身闪避率+46%持续3回合。破装死！
B92: 等级 6 ：造成276点+自身等级*110%的伤害，自身闪避率+51%持续3回合。破装死！
B93: 等级 7 ：造成312点+自身等级*120%的伤害，自身闪避率+57%持续3回合。破装死！
B94: 等级 8 ：造成348点+自身等级*130%的伤害，自身闪避率+63%持续3回合。破装死！
B95: 等级 9 ：造成390点+自身等级*140%的伤害，自身闪避率+70%持续3回合。破装死！
B96: 等级10：造成450点+自身等级*150%的伤害，自身闪避率+80%持续3回合。破装死！
A97: 白虎奥义 胶水 恐惧洪流 | B97: 等级 0 ：造成 50 点伤害，额外附加自身速度*10%点伤害持续2回合。2回合只能使用远程攻击。
B98: 等级 1 ：造成 56 点伤害，额外附加自身速度*10%点伤害持续2回合。2回合只能使用远程攻击。
B99: 等级 2 ：造成 64 点伤害，额外附加自身速度*11%点伤害持续2回合。2回合只能使用远程攻击。
B100: 等级 3 ：造成 73 点伤害，额外附加自身速度*11%点伤害持续2回合。2回合只能使用远程攻击。
B101: 等级 4 ：造成 84 点伤害，额外附加自身速度*12%点伤害持续2回合。2回合只能使用远程攻击。
B102: 等级 5 ：造成 97 点伤害，额外附加自身速度*12%点伤害持续3回合。3回合只能使用远程攻击。
B103: 等级 6 ：造成113点伤害，额外附加自身速度*13%点伤害持续3回合。3回合只能使用远程攻击。
B104: 等级 7 ：造成131点伤害，额外附加自身速度*13%点伤害持续3回合。3回合只能使用远程攻击。
B105: 等级 8 ：造成150点伤害，额外附加自身速度*14%点伤害持续3回合。3回合只能使用远程攻击。
B106: 等级 9 ：造成171点伤害，额外附加自身速度*14%点伤害持续3回合。3回合只能使用远程攻击。
B107: 等级10：造成200点伤害，额外附加自身速度*15%点伤害持续3回合。3回合只能使用远程攻击。
A108: 白虎奥义 点穴 弹指神通 | B108: 等级 0 ：造成100+自身等级* 50 %的伤害，下回合命中和伤害+31%。对手2回合无法使用武器和技能。
B109: 等级 1 ：造成112+自身等级* 50 %的伤害，下回合命中和伤害+32%。对手2回合无法使用武器和技能。
B110: 等级 2 ：造成124+自身等级* 60 %的伤害，下回合命中和伤害+34%。对手2回合无法使用武器和技能。
B111: 等级 3 ：造成142+自身等级* 60 %的伤害，下回合命中和伤害+37%。对手2回合无法使用武器和技能。
B112: 等级 4 ：造成166+自身等级* 70 %的伤害，下回合命中和伤害+41%。对手2回合无法使用武器和技能。
B113: 等级 5 ：造成196+自身等级* 70 %的伤害，下回合命中和伤害+46%。对手3回合无法使用武器和技能。
B114: 等级 6 ：造成226+自身等级* 80 %的伤害，下回合命中和伤害+51%。对手3回合无法使用武器和技能。
B115: 等级 7 ：造成262+自身等级* 80 %的伤害，下回合命中和伤害+57%。对手3回合无法使用武器和技能。
B116: 等级 8 ：造成298+自身等级* 90 %的伤害，下回合命中和伤害+63%。对手3回合无法使用武器和技能。
B117: 等级 9 ：造成340+自身等级* 90 %的伤害，下回合命中和伤害+70%。对手3回合无法使用武器和技能。
B118: 等级10：造成400+自身等级*100%的伤害，下回合命中和伤害+80%。对手3回合无法使用武器和技能。
...

Sheet 武器专精
A1: 武器专精 | B1: 名称 | D1: 祝福详情：专精等级祝福模式三阶起清，活动期间永久有效。专精武器祝福模式3级起清，活动期间永久有效。 | M1: =首页索引!$M$1 | N1: =@IF(M1="中秋祝福",9,IF(M1="周年祝福",8,IF(M1="春节祝福",7,6)))
A2: 武器符文石 千年寒铁 | B2: 专精等级 | C2: 专精控制 | D2: 常规祝福：专精等级四阶5星前（含）失败6点祝福值，其余失败5点祝福值。专精武器失败4点祝福值。材料120斗豆/斗币。 | N2: =@IF(M1="中秋祝福",7,IF(M1="周年祝福",5,IF(M1="春节祝福",5,5)))
D3: 春节祝福：专精等级四阶5星前（含）失败7点祝福值，其余失败5点祝福值。专精武器失败5点祝福值。材料100斗豆/斗币。 | N3: =@IF(M1="中秋祝福",6,IF(M1="周年祝福",5,IF(M1="春节祝福",5,4)))
B4: 专精吸血 | C4: 专精凝神 | D4: 周年祝福：专精等级四阶5星前（含）失败8点祝福值，其余失败5点祝福值。专精武器失败5点祝福值。材料100斗豆/斗币。
D5: 中秋祝福：专精等级四阶5星前（含）失败9点祝福值，其余失败7点祝福值。专精武器失败6点祝福值。材料200斗豆/斗币。
A6: 专精等级 | B6: 战斗力 | C6: 祝福值 | D6: 单次材料 | E6: 满值材料 | F6: 满值积分 | G6: 武器附伤 | H6: 武器附减 | I6: 武器暴击 | J6: 武器抗暴 | K6: 生命值 | L6: 闪避率 | M6: 命中率
A7: 一阶0星 | B7: 0.5 | C7: 15 | D7: 1 | E7: =ROUNDUP(C7/$N$1+1,0)*D7 | F7: =E7*40 | G7: 1 | H7: 1 | I7: x | J7: x | K7: x | L7: x | M7: x
A8: 一阶1星 | B8: 1 | C8: 15 | D8: 1 | E8: =ROUNDUP(C8/$N$1+1,0)*D8 | F8: =E8*40 | G8: 2 | H8: 2 | I8: x | J8: x | K8: x | L8: x | M8: x
A9: 一阶2星 | B9: 1.5 | C9: 15 | D9: 2 | E9: =ROUNDUP(C9/$N$1+1,0)*D9 | F9: =E9*40 | G9: 3 | H9: 3 | I9: x | J9: x | K9: x | L9: x | M9: x
A10: 一阶3星 | B10: 2 | C10: 15 | D10: 2 | E10: =ROUNDUP(C10/$N$1+1,0)*D10 | F10: =E10*40 | G10: 4 | H10: 4 | I10: x | J10: x | K10: x | L10: x | M10: x
A11: 一阶4星 | B11: 2.5 | C11: 15 | D11: 3 | E11: =ROUNDUP(C11/$N$1+1,0)*D11 | F11: =E11*40 | G11: 5 | H11: 5 | I11: x | J11: x | K11: x | L11: x | M11: x
A12: 一阶5星 | B12: 3 | C12: 15 | D12: 3 | E12: =ROUNDUP(C12/$N$1+1,0)*D12 | F12: =E12*40 | G12: 6 | H12: 6 | I12: x | J12: x | K12: x | L12: x | M12: x
A13: 二阶0星 | B13: 5 | C13: 20 | D13: 4 | E13: =ROUNDUP(C13/$N$1+1,0)*D13 | F13: =E13*40 | G13: 8 | H13: 8 | I13: 2.6% | J13: 2.6% | K13: x | L13: x | M13: x
A14: 二阶1星 | B14: 6.3 | C14: 24 | D14: 4 | E14: =ROUNDUP(C14/$N$1+1,0)*D14 | F14: =E14*40 | G14: 10 | H14: 10 | I14: 3.3% | J14: 3.3% | K14: x | L14: x | M14: x
A15: 二阶2星 | B15: 7.6 | C15: 24 | D15: 5 | E15: =ROUNDUP(C15/$N$1+1,0)*D15 | F15: =E15*40 | G15: 12 | H15: 12 | I15: 4% | J15: 4% | K15: x | L15: x | M15: x
A16: 二阶3星 | B16: 9 | C16: 30 | D16: 5 | E16: =ROUNDUP(C16/$N$1+1,0)*D16 | F16: =E16*40 | G16: 14 | H16: 14 | I16: 4.6% | J16: 4.6% | K16: x | L16: x | M16: x
A17: 二阶4星 | B17: 10.5 | C17: 30 | D17: 6 | E17: =ROUNDUP(C17/$N$1+1,0)*D17 | F17: =E17*40 | G17: 16 | H17: 16 | I17: 5.3% | J17: 5.3% | K17: x | L17: x | M17: x
A18: 二阶5星 | B18: 12 | C18: 40 | D18: 6 | E18: =ROUNDUP(C18/$N$1+1,0)*D18 | F18: =E18*40 | G18: 18 | H18: 18 | I18: 6% | J18: 6% | K18: x | L18: x | M18: x
... A30: 四阶5星 | B30: 49 | C30: 600 | D30: 12 | E30: =ROUNDUP(C30/$N$1+1,0)*D30 | F30: =E30*40 | G30: 51 | H30: 51 | I30: 20% | J30: 20% | K30: 72 | L30: 20% | M30: x
A31: 五阶0星 | B31: 56 | C31: 750 | D31: 13 | E31: =ROUNDUP(C31/$N$2+1,0)*D31 | F31: =E31*40 | G31: 54 | H31: 54 | I31: 21.6% | J31: 21.6% | K31: 80 | L31: 21.6% | M31: 21.6%
A32: 五阶1星 | B32: 60 | C32: 1000 | D32: 13 | E32: =ROUNDUP(C32/$N$2+1,0)*D32 | F32: =E32*40 | G32: 58 | H32: 58 | I32: 23.3% | J32: 23.3% | K32: 92 | L32: 23.3% | M32: 23.3%
A33: 五阶2星 | B33: 65 | C33: 1200 | D33: 14 | E33: =ROUNDUP(C33/$N$2+1,0)*D33 | F33: =E33*40 | G33: 64 | H33: 64 | I33: 25% | J33: 25% | K33: 110 | L33: 25% | M33: 25%
A34: 五阶3星 | B34: 70 | C34: 1500 | D34: 14 | E34: =ROUNDUP(C34/$N$2+1,0)*D34 | F34: =E34*40 | G34: 72 | H34: 72 | I34: 26.6% | J34: 26.6% | K34: 135 | L34: 26.6% | M34: 26.6%
A35: 五阶4星 | B35: 75 | C35: 2000 | D35: 15 | E35: =ROUNDUP(C35/$N$2+1,0)*D35 | F35: =E35*40 | G35: 84 | H35: 84 | I35: 28.3% | J35: 28.3% | K35: 170 | L35: 28.3% | M35: 28.3%
A36: 五阶5星 | B36: 80 | C36: x | D36: x | E36: x | F36: x | G36: 100 | H36: 100 | I36: 30% | J36: 30% | K36: 220 | L36: 30% | M36: 30%
A38: 武器栏1 | B38: 属性 | C38: 0级 | D38: 1级 | E38: 2级 | F38: 3级 | G38: 4级 | H38: 5级 | I38: 6级 | J38: 7级 | K38: 8级 | L38: 9级 | M38: 10级
A39: 专精控制 激活条件 专精等级 二阶 0 星 | B39: 祝福值 | C39: 10 | D39: 10 | E39: 20 | F39: 30 | G39: 50 | H39: 75 | I39: 120 | J39: 200 | K39: 300 | L39: 600 | M39: 降低对方50%伤害持续3回合
B40: 单次材料 | C40: 1 | D40: 2 | E40: 3 | F40: 4 | G40: 5 | H40: 6 | I40: 7 | J40: 8 | K40: 9 | L40: 10
B41: 满值材料 | C41: =ROUNDUP((C39/$N$3+1),0)*C40 | D41: =ROUNDUP((D39/$N$3+1),0)*D40 | E41: =ROUNDUP((E39/$N$3+1),0)*E40 | F41: =ROUNDUP((F39/$N$3+1),0)*F40 | G41: =ROUNDUP((G39/$N$3+1),0)*G40 | H41: =ROUNDUP((H39/$N$3+1),0)*H40 | I41: =ROUNDUP((I39/$N$3+1),0)*I40 | J41: =ROUNDUP((J39/$N$3+1),0)*J40 | ... L41: =ROUNDUP((L39/$N$3+1),0)*L40
B42: 满值积分 | C42: =C41*40 | D42: =D41*40 | E42: =E41*40 | F42: =F41*40 | G42: =G41*40 | H42: =H41*40 | I42: =I41*40 | J42: =J41*40 | ... L42: =L41*40
B43: 战斗力 | C43: 1 | D43: 1.4 | E43: 1.8 | F43: 2.4 | G43: 3 | H43: 3.8 | I43: 4.6 | J43: 5.6 | K43: 6.6 | L43: 8 | M43: 10
B44: 该武增伤 | C44: 5% | D44: 7% | E44: 9% | F44: 12% | G44: 15% | H44: 19% | I44: 23% | J44: 28% | K44: 33% | L44: 40% | M44: 50%
B45: 该武连击 | C45: 5% | D45: 7% | E45: 9% | F45: 12% | G45: 15% | H45: 19% | I45: 23% | J45: 28% | K45: 33% | L45: 40% | M45: 50%
B46: 该武忽略 | C46: 10% | D46: 14% | E46: 18% | F46: 24% | G46: 30% | H46: 38% | I46: 46% | J46: 56% | K46: 66% | L46: 80% | M46: 100%
A48: 武器栏2 | B48: 属性 | C48: 0级 | D48: 1级 | E48: 2级 | F48: 3级 | G48: 4级 | H48: 5级 | I48: 6级 | J48: 7级 | K48: 8级 | L48: 9级 | M48: 10级
A49: 专精吸血 激活条件 专精等级 四阶 3 星 | B49: 祝福值 | C49: 10 | D49: 10 | E49: 24 | F49: 50 | G49: 66 | H49: 100 | I49: 150 | J49: 240 | K49: 400 | L49: 750 | M49: 忽略反击 忽略反弹
B50: 单次材料 | C50: 1 | D50: 2 | E50: 3 | F50: 4 | G50: 5 | H50: 6 | I50: 7 | J50: 8 | K50: 9 | L50: 10
B51: 满值材料 | C51: =ROUNDUP((C49/$N$3+1),0)*C50 | D51: =ROUNDUP((D49/$N$3+1),0)*D50 | E51: =ROUNDUP((E49/$N$3+1),0)*E50 | F51: =ROUNDUP((F49/$N$3+1),0)*F50 | G51: =ROUNDUP((G49/$N$3+1),0)*G50 | H51: =ROUNDUP((H49/$N$3+1),0)*H50 | I51: =ROUNDUP((I49/$N$3+1),0)*I50 | J51: =ROUNDUP((J49/$N$3+1),0)*J50 | ... L51: =ROUNDUP((L49/$N$3+1),0)*L50
B52: 满值积分 | C52: =C51*40 | D52: =D51*40 | E52: =E51*40 | F52: =F51*40 | G52: =G51*40 | H52: =H51*40 | I52: =I51*40 | J52: =J51*40 | ... L52: =L51*40
B53: 战斗力 | C53: 1.2 | D53: 1.7 | E53: 2.2 | F53: 2.9 | G53: 3.6 | H53: 4.5 | I53: 5.5 | J53: 6.7 | K53: 7.9 | L53: 9.6 | M53: 12
B54: 该武增伤 | C54: 5% | D54: 7% | E54: 9% | F54: 12% | G54: 15% | H54: 19% | I54: 23% | J54: 28% | K54: 33% | L54: 40% | M54: 50%
B55: 该武命中 | C55: 5% | D55: 7% | E55: 9% | F55: 12% | G55: 15% | H55: 19% | I55: 23% | J55: 28% | K55: 33% | L55: 40% | M55: 50%
B56: 该武吸血 | C56: 10% | D56: 14% | E56: 18% | F56: 24% | G56: 30% | H56: 38% | I56: 46% | J56: 56% | K56: 66% | L56: 80% | M56: 100%
A58: 武器栏3 | B58: 属性 | C58: 0级 | D58: 1级 | E58: 2级 | F58: 3级 | G58: 4级 | H58: 5级 | I58: 6级 | J58: 7级 | K58: 8级 | L58: 9级 | M58: 10级
A59: 专精凝神 激活条件 专精等级 五阶 5 星 | B59: 祝福值 | C59: 10 | D59: 10 | E59: 24 | F59: 50 | G59: 75 | H59: 120 | I59: 200 | J59: 300 | K59: 500 | L59: 800 | M59: 忽略装死
B60: 单次材料 | C60: 1 | D60: 2 | E60: 3 | F60: 4 | G60: 5 | H60: 6 | I60: 7 | J60: 8 | K60: 9 | L60: 10
B61: 满值材料 | C61: =ROUNDUP((C59/$N$3+1),0)*C60 | D61: =ROUNDUP((D59/$N$3+1),0)*D60 | E61: =ROUNDUP((E59/$N$3+1),0)*E60 | F61: =ROUNDUP((F59/$N$3+1),0)*F60 | G61: =ROUNDUP((G59/$N$3+1),0)*G60 | H61: =ROUNDUP((H59/$N$3+1),0)*H60 | I61: =ROUNDUP((I59/$N$3+1),0)*I60 | J61: =ROUNDUP((J59/$N$3+1),0)*J60 | ... L61: =ROUNDUP((L59/$N$3+1),0)*L60
B62: 满值积分 | C62: =C61*40 | D62: =D61*40 | E62: =E61*40 | F62: =F61*40 | G62: =G61*40 | H62: =H61*40 | I62: =I61*40 | J62: =J61*40 | ... L62: =L61*40
B63: 战斗力 | C63: 1.5 | D63: 2.1 | E63: 2.7 | F63: 3.6 | G63: 4.5 | H63: 5.7 | I63: 6.9 | J63: 8.4 | K63: 9.9 | L63: 12 | M63: 15
B64: 该武增伤 | C64: 5% | D64: 7% | E64: 9% | F64: 12% | G64: 15% | H64: 19% | I64: 23% | J64: 28% | K64: 33% | L64: 40% | M64: 50%
B65: 该武命中 | C65: 5% | D65: 10% | E65: 15% | F65: 20% | G65: 25% | H65: 30% | I65: 35% | J65: 42% | K65: 50% | L65: 60% | M65: 必中
B66: 该武暴击 | C66: 10% | D66: 14% | E66: 18% | F66: 24% | G66: 30% | H66: 38% | I66: 46% | J66: 56% | K66: 66% | L66: 80% | M66: 100%

Sheet 武器封印
A1: 武器封印 | B1: 名称 | E1: 祝福详情：封印等级祝福模式三阶起清，暂无活动。封印武器祝福模式3级起清，暂无活动。 | M1: =首页索引!$M$1 | N1: =@IF(M1="中秋祝福",2,IF(M1="周年祝福",2,IF(M1="春节祝福",2,2)))
A2: 武器符咒 石中剑 | B2: 封印等级 | C2: 大型封印 | D2: 中型封印 | E2: 常规祝福：封印等级失败2点祝福值。封印武器失败2点祝福值。材料200斗豆。 | N2: =@IF(M1="中秋祝福",2,IF(M1="周年祝福",2,IF(M1="春节祝福",2,2)))
E3: 春节祝福：封印等级失败2点祝福值。封印武器失败2点祝福值。材料200斗豆。
B4: 封印加成 | C4: 小型封印 | D4: 投掷封印 | E4: 周年祝福：封印等级失败2点祝福值。封印武器失败2点祝福值。材料200斗豆。
E5: 中秋祝福：封印等级失败2点祝福值。封印武器失败2点祝福值。材料200斗豆。
A6: 封印等级 | B6: 战斗力 | C6: 祝福值 | D6: 单次材料 | E6: 满值材料 | F6: 满值斗豆 | G6: 武器附伤 | H6: 武器附减 | I6: 武器暴击 | J6: 武器抗暴 | K6: 生命值 | L6: 闪避率 | M6: 命中率
A7: 一阶0星 | B7: 0.5 | C7: 15 | D7: 1 | E7: =ROUNDUP(C7/$N$1+1,0)*D7 | F7: =E7*200 | G7: 1 | H7: 1 | I7: x | J7: x | K7: x | L7: x | M7: x
A8: 一阶1星 | B8: 1 | C8: 15 | D8: 1 | E8: =ROUNDUP(C8/$N$1+1,0)*D8 | F8: =E8*200 | G8: 2 | H8: 2 | I8: x | J8: x | K8: x | L8: x | M8: x
A9: 一阶2星 | B9: 1.5 | C9: 15 | D9: 2 | E9: =ROUNDUP(C9/$N$1+1,0)*D9 | F9: =E9*200 | G9: 3 | H9: 3 | I9: x | J9: x | K9: x | L9: x | M9: x
A10: 一阶3星 | B10: 2 | C10: 15 | D10: 2 | E10: =ROUNDUP(C10/$N$1+1,0)*D10 | F10: =E10*200 | G10: 4 | H10: 4 | I10: x | J10: x | K10: x | L10: x | M10: x
A11: 一阶4星 | B11: 2.5 | C11: 15 | D11: 3 | E11: =ROUNDUP(C11/$N$1+1,0)*D11 | F11: =E11*200 | G11: 5 | H11: 5 | I11: x | J11: x | K11: x | L11: x | M11: x
A12: 一阶5星 | B12: 3 | C12: 15 | D12: 3 | E12: =ROUNDUP(C12/$N$1+1,0)*D12 | F12: =E12*200 | G12: 6 | H12: 6 | I12: x | J12: x | K12: x | L12: x | M12: x
A13: 二阶0星 | B13: 5 | C13: 20 | D13: 4 | E13: =ROUNDUP(C13/$N$1+1,0)*D13 | F13: =E13*200 | G13: 8 | H13: 8 | I13: 2.6% | J13: 2.6% | K13: x | L13: x | M13: x
A14: 二阶1星 | B14: 6.3 | C14: 24 | D14: 4 | E14: =ROUNDUP(C14/$N$1+1,0)*D14 | F14: =E14*200 | G14: 10 | H14: 10 | I14: 3.3% | J14: 3.3% | K14: x | L14: x | M14: x
A15: 二阶2星 | B15: 7.6 | C15: 24 | D15: 5 | E15: =ROUNDUP(C15/$N$1+1,0)*D15 | F15: =E15*200 | G15: 12 | H15: 12 | I15: 4% | J15: 4% | K15: x | L15: x | M15: x
A16: 二阶3星 | B16: 9 | C16: 30 | D16: 5 | E16: =ROUNDUP(C16/$N$1+1,0)*D16 | F16: =E16*200 | G16: 14 | H16: 14 | I16: 4.6% | J16: 4.6% | K16: x | L16: x | M16: x
A17: 二阶4星 | B17: 10.5 | C17: 30 | D17: 6 | E17: =ROUNDUP(C17/$N$1+1,0)*D17 | F17: =E17*200 | G17: 16 | H17: 16 | I17: 5.3% | J17: 5.3% | K17: x | L17: x | M17: x
A18: 二阶5星 | B18: 12 | C18: 40 | D18: 6 | E18: =ROUNDUP(C18/$N$1+1,0)*D18 | F18: =E18*200 | G18: 18 | H18: 18 | I18: 6% | J18: 6% | K18: x | L18: x | M18: x
... A35: 五阶4星 | B35: 75 | C35: 2000 | D35: 15 | E35: =ROUNDUP(C35/$N$1+1,0)*D35 | F35: =E35*200 | G35: 84 | H35: 84 | I35: 28.3% | J35: 28.3% | K35: 170 | L35: 28.3% | M35: 28.3%
A36: 五阶5星 | B36: 80 | C36: x | D36: x | E36: x | F36: x | G36: 100 | H36: 100 | I36: 30% | J36: 30% | K36: 220 | L36: 30% | M36: 30%
A38: 祭坛等级 | B38: 属性 | C38: 0级 | D38: 1级 | E38: 2级 | F38: 3级 | G38: 4级 | H38: 5级 | I38: 6级 | J38: 7级 | K38: 8级 | L38: 9级 | M38: 10级
A39: 大型封印 激活条件 封印等级 二阶 0 星 | B39: 战斗力 | C39: 1.5 | D39: 2.1 | E39: 2.7 | F39: 3.6 | G39: 4.5 | H39: 5.7 | I39: 6.9 | J39: 8.4 | K39: 9.9 | L39: 12.0 | M39: 15.0
B40: 封印率 | C40: 10% | D40: 15% | E40: 20% | F40: 25% | G40: 30% | H40: 35% | I40: 40% | J40: 45% | K40: 50% | L40: 60% | M40: 80%
B41: 祝福值 | C41: 10 | D41: 10 | E41: 24 | F41: 50 | G41: 75 | H41: 120 | I41: 200 | J41: 300 | K41: 500 | L41: 800 | M41: x
B42: 单次材料 | C42: 1 | D42: 2 | E42: 3 | F42: 4 | G42: 5 | H42: 6 | I42: 7 | J42: 8 | K42: 9 | L42: 10 | M42: x
B43: 满值材料 | C43: =ROUNDUP((C41/$N$2+1),0)*C42 | D43: =ROUNDUP((D41/$N$2+1),0)*D42 | E43: =ROUNDUP((E41/$N$2+1),0)*E42 | F43: =ROUNDUP((F41/$N$2+1),0)*F42 | G43: =ROUNDUP((G41/$N$2+1),0)*G42 | H43: =ROUNDUP((H41/$N$2+1),0)*H42 | I43: =ROUNDUP((I41/$N$2+1),0)*I42 | J43: =ROUNDUP((J41/$N$2+1),0)*J42 | ... L43: =ROUNDUP((L41/$N$2+1),0)*L42 | M43: x
B44: 满值斗豆 | C44: =C43*200 | D44: =D43*200 | E44: =E43*200 | F44: =F43*200 | G44: =G43*200 | H44: =H43*200 | I44: =I43*200 | J44: =J43*200 | ... L44: =L43*200 | M44: x
B45: 命中率 | C45: 1% | D45: 2% | E45: 3% | F45: 4% | G45: 5% | H45: 6% | I45: 7% | J45: 9% | K45: 11% | L45: 13% | M45: 15%
B46: 暴击率 | C46: 1% | D46: 2% | E46: 3% | F46: 4% | G46: 5% | H46: 6% | I46: 7% | J46: 9% | K46: 11% | L46: 13% | M46: 15%
B47: 武器抗韧 | C47: 1% | D47: 2% | E47: 3% | F47: 4% | G47: 5% | H47: 6% | I47: 7% | J47: 9% | K47: 11% | L47: 13% | M47: 15%
B48: 大型减伤 | C48: x | D48: x | E48: x | F48: x | G48: x | H48: 5% | I48: 5% | J48: 5% | K48: 5% | L48: 5% | M48: 5%
B49: 大型增伤 | C49: x | D49: x | E49: x | F49: x | G49: x | H49: x | I49: x | J49: x | K49: x | L49: x | M49: 5%
B50: 力量值 | C50: x | D50: x | E50: x | F50: x | G50: x | H50: x | I50: x | J50: x | K50: x | L50: x | M50: 10
A52: 祭坛等级 | B52: 属性 | C52: 0级 | D52: 1级 | E52: 2级 | F52: 3级 | G52: 4级 | H52: 5级 | I52: 6级 | J52: 7级 | K52: 8级 | L52: 9级 | M52: 10级
A53: 中型封印 激活条件 封印等级 二阶 0 星 | B53: 战斗力 | C53: 1.5 | D53: 2.1 | E53: 2.7 | F53: 3.6 | G53: 4.5 | H53: 5.7 | I53: 6.9 | J53: 8.4 | K53: 9.9 | L53: 12.0 | M53: 15.0
B54: 封印率 | C54: 10% | D54: 15% | E54: 20% | F54: 25% | G54: 30% | H54: 35% | I54: 40% | J54: 45% | K54: 50% | L54: 60% | M54: 80%
B55: 祝福值 | C55: 10 | D55: 10 | E55: 24 | F55: 50 | G55: 75 | H55: 120 | I55: 200 | J55: 300 | K55: 500 | L55: 800 | M55: x
B56: 单次材料 | C56: 1 | D56: 2 | E56: 3 | F56: 4 | G56: 5 | H56: 6 | I56: 7 | J56: 8 | K56: 9 | L56: 10 | M56: x
B57: 满值材料 | C57: =ROUNDUP((C55/$N$2+1),0)*C56 | D57: =ROUNDUP((D55/$N$2+1),0)*D56 | E57: =ROUNDUP((E55/$N$2+1),0)*E56 | F57: =ROUNDUP((F55/$N$2+1),0)*F56 | G57: =ROUNDUP((G55/$N$2+1),0)*G56 | H57: =ROUNDUP((H55/$N$2+1),0)*H56 | I57: =ROUNDUP((I55/$N$2+1),0)*I56 | J57: =ROUNDUP((J55/$N$2+1),0)*J56 | ... L57: =ROUNDUP((L55/$N$2+1),0)*L56 | M57: x
B58: 满值斗豆 | C58: =C57*200 | D58: =D57*200 | E58: =E57*200 | F58: =F57*200 | G58: =G57*200 | H58: =H57*200 | I58: =I57*200 | J58: =J57*200 | ... L58: =L57*200 | M58: x
B59: 武器增伤 | C59: 1% | D59: 2% | E59: 3% | F59: 4% | G59: 5% | H59: 6% | I59: 7% | J59: 9% | K59: 11% | L59: 13% | M59: 15%
B60: 武器暴减 | C60: 5% | D60: 7% | E60: 9% | F60: 11% | G60: 13% | H60: 15% | I60: 17% | J60: 19% | K60: 21% | L60: 23% | M60: 25%
B61: 武器抗穿 | C61: 1% | D61: 2% | E61: 3% | F61: 4% | G61: 5% | H61: 6% | I61: 7% | J61: 9% | K61: 11% | L61: 13% | M61: 15%
B62: 中型减伤 | C62: x | D62: x | E62: x | F62: x | G62: x | H62: 5% | I62: 5% | J62: 5% | K62: 5% | L62: 5% | M62: 5%
B63: 中型增伤 | C63: x | D63: x | E63: x | F63: x | G63: x | H63: x | I63: x | J63: x | K63: x | L63: x | M63: 5%
B64: 生命值 | C64: x | D64: x | E64: x | F64: x | G64: x | H64: x | I64: x | J64: x | K64: x | L64: x | M64: 150
A66: 祭坛等级 | B66: 属性 | C66: 0级 | D66: 1级 | E66: 2级 | F66: 3级 | G66: 4级 | H66: 5级 | I66: 6级 | J66: 7级 | K66: 8级 | L66: 9级 | M66: 10级
A67: 小型封印 激活条件 封印等级 二阶 0 星 | B67: 战斗力 | C67: 1.5 | D67: 2.1 | E67: 2.7 | F67: 3.6 | G67: 4.5 | H67: 5.7 | I67: 6.9 | J67: 8.4 | K67: 9.9 | L67: 12.0 | M67: 15.0
B68: 封印率 | C68: 10% | D68: 15% | E68: 20% | F68: 25% | G68: 30% | H68: 35% | I68: 40% | J68: 45% | K68: 50% | L68: 60% | M68: 80%
B69: 祝福值 | C69: 10 | D69: 10 | E69: 24 | F69: 50 | G69: 75 | H69: 120 | I69: 200 | J69: 300 | K69: 500 | L69: 800 | M69: x
B70: 单次材料 | C70: 1 | D70: 2 | E70: 3 | F70: 4 | G70: 5 | H70: 6 | I70: 7 | J70: 8 | K70: 9 | L70: 10 | M70: x
B71: 满值材料 | C71: =ROUNDUP((C69/$N$2+1),0)*C70 | D71: =ROUNDUP((D69/$N$2+1),0)*D70 | E71: =ROUNDUP((E69/$N$2+1),0)*E70 | F71: =ROUNDUP((F69/$N$2+1),0)*F70 | G71: =ROUNDUP((G69/$N$2+1),0)*G70 | H71: =ROUNDUP((H69/$N$2+1),0)*H70 | I71: =ROUNDUP((I69/$N$2+1),0)*I70 | J71: =ROUNDUP((J69/$N$2+1),0)*J70 | ... L71: =ROUNDUP((L69/$N$2+1),0)*L70 | M71: x
B72: 满值斗豆 | C72: =C71*200 | D72: =D71*200 | E72: =E71*200 | F72: =F71*200 | G72: =G71*200 | H72: =H71*200 | I72: =I71*200 | J72: =J71*200 | ... L72: =L71*200 | M72: x
B73: 闪避率 | C73: 1% | D73: 2% | E73: 3% | F73: 4% | G73: 5% | H73: 6% | I73: 7% | J73: 9% | K73: 11% | L73: 13% | M73: 15%
B74: 全部暴伤 | C74: 5% | D74: 7% | E74: 9% | F74: 11% | G74: 13% | H74: 15% | I74: 17% | J74: 19% | K74: 21% | L74: 23% | M74: 25%
B75: 武器韧性 | C75: 1% | D75: 2% | E75: 3% | F75: 4% | G75: 5% | H75: 6% | I75: 7% | J75: 9% | K75: 11% | L75: 13% | M75: 15%
B76: 小型减伤 | C76: x | D76: x | E76: x | F76: x | G76: x | H76: 5% | I76: 5% | J76: 5% | K76: 5% | L76: 5% | M76: 5%
B77: 小型增伤 | C77: x | D77: x | E77: x | F77: x | G77: x | H77: x | I77: x | J77: x | K77: x | L77: x | M77: 5%
B78: 敏捷值 | C78: x | D78: x | E78: x | F78: x | G78: x | H78: x | I78: x | J78: x | K78: x | L78: x | M78: 10
A80: 祭坛等级 | B80: 属性 | C80: 0级 | D80: 1级 | E80: 2级 | F80: 3级 | G80: 4级 | H80: 5级 | I80: 6级 | J80: 7级 | K80: 8级 | L80: 9级 | M80: 10级
A81: 投掷封印 激活条件 封印等级 二阶 0 星 | B81: 战斗力 | C81: 1.5 | D81: 2.1 | E81: 2.7 | F81: 3.6 | G81: 4.5 | H81: 5.7 | I81: 6.9 | J81: 8.4 | K81: 9.9 | L81: 12.0 | M81: 15.0
B82: 封印率 | C82: 10% | D82: 15% | E82: 20% | F82: 25% | G82: 30% | H82: 35% | I82: 40% | J82: 45% | K82: 50% | L82: 60% | M82: 80%
B83: 祝福值 | C83: 10 | D83: 10 | E83: 24 | F83: 50 | G83: 75 | H83: 120 | I83: 200 | J83: 300 | K83: 500 | L83: 800 | M83: x
B84: 单次材料 | C84: 1 | D84: 2 | E84: 3 | F84: 4 | G84: 5 | H84: 6 | I84: 7 | J84: 8 | K84: 9 | L84: 10 | M84: x
B85: 满值材料 | C85: =ROUNDUP((C83/$N$2+1),0)*C84 | D85: =ROUNDUP((D83/$N$2+1),0)*D84 | E85: =ROUNDUP((E83/$N$2+1),0)*E84 | F85: =ROUNDUP((F83/$N$2+1),0)*F84 | G85: =ROUNDUP((G83/$N$2+1),0)*G84 | H85: =ROUNDUP((H83/$N$2+1),0)*H84 | I85: =ROUNDUP((I83/$N$2+1),0)*I84 | J85: =ROUNDUP((J83/$N$2+1),0)*J84 | ... L85: =ROUNDUP((L83/$N$2+1),0)*L84 | M85: x
B86: 满值斗豆 | C86: =C85*200 | D86: =D85*200 | E86: =E85*200 | F86: =F85*200 | G86: =G85*200 | H86: =H85*200 | I86: =I85*200 | J86: =J85*200 | ... L86: =L85*200 | M86: x
B87: 武器减伤 | C87: 1% | D87: 2% | E87: 3% | F87: 4% | G87: 5% | H87: 6% | I87: 7% | J87: 9% | K87: 11% | L87: 13% | M87: 15%
B88: 抗暴率 | C88: 1% | D88: 2% | E88: 3% | F88: 4% | G88: 5% | H88: 6% | I88: 7% | J88: 9% | K88: 11% | L88: 13% | M88: 15%
B89: 武器穿透 | C89: 1% | D89: 2% | E89: 3% | F89: 4% | G89: 5% | H89: 6% | I89: 7% | J89: 9% | K89: 11% | L89: 13% | M89: 15%
B90: 投掷减伤 | C90: x | D90: x | E90: x | F90: x | G90: x | H90: 5% | I90: 5% | J90: 5% | K90: 5% | L90: 5% | M90: 5%
B91: 投掷增伤 | C91: x | D91: x | E91: x | F91: x | G91: x | H91: x | I91: x | J91: x | K91: x | L91: x | M91: 5%
B92: 速度值 | C92: x | D92: x | E92: x | F92: x | G92: x | H92: x | I92: x | J92: x | K92: x | L92: x | M92: 10
A94: 祭坛效果 | B94: 封印加成 | C94: 0级 | D94: 1级 | E94: 2级 | F94: 3级 | G94: 4级 | H94: 5级 | I94: 6级 | J94: 7级 | K94: 8级 | L94: 9级 | M94: 10级
A95: 穿透抗穿 韧性抗韧 有效收益 最佳比例 | B95: 比例 1 | C95: =ROUNDUP($N95/C$89,2) | D95: =ROUNDUP($N95/D$89,2) | E95: =ROUNDUP($N95/E$89,2) | F95: =ROUNDUP($N95/F$89,2) | G95: =ROUNDUP($N95/G$89,2) | H95: =ROUNDUP($N95/H$89,2) | I95: =ROUNDUP($N95/I$89,2) | J95: =ROUNDUP($N95/J$89,2) | ... M95: =ROUNDUP($N95/M$89,2) | N95: 0.01
B96: 比例 2 | C96: x | D96: =ROUNDUP($N96/D$89,2) | E96: =ROUNDUP($N96/E$89,2) | F96: =ROUNDUP($N96/F$89,2) | G96: =ROUNDUP($N96/G$89,2) | H96: =ROUNDUP($N96/H$89,2) | I96: =ROUNDUP($N96/I$89,2) | J96: =ROUNDUP($N96/J$89,2) | K96: =ROUNDUP($N96/K$89,2) | ... M96: =ROUNDUP($N96/M$89,2) | N96: 0.02
B97: 比例 3 | C97: x | D97: x | E97: =ROUNDUP($N97/E$89,2) | F97: =ROUNDUP($N97/F$89,2) | G97: =ROUNDUP($N97/G$89,2) | H97: =ROUNDUP($N97/H$89,2) | I97: =ROUNDUP($N97/I$89,2) | J97: =ROUNDUP($N97/J$89,2) | K97: =ROUNDUP($N97/K$89,2) | L97: =ROUNDUP($N97/L$89,2) | M97: =ROUNDUP($N97/M$89,2) | N97: 0.03
B98: 比例 4 | C98: x | D98: x | E98: x | F98: =ROUNDUP($N98/F$89,2) | G98: =ROUNDUP($N98/G$89,2) | H98: =ROUNDUP($N98/H$89,2) | I98: =ROUNDUP($N98/I$89,2) | J98: =ROUNDUP($N98/J$89,2) | K98: =ROUNDUP($N98/K$89,2) | L98: =ROUNDUP($N98/L$89,2) | M98: =ROUNDUP($N98/M$89,2) | N98: 0.04
B99: 比例 5 | C99: x | D99: x | E99: x | F99: x | G99: =ROUNDUP($N99/G$89,2) | H99: =ROUNDUP($N99/H$89,2) | I99: =ROUNDUP($N99/I$89,2) | J99: =ROUNDUP($N99/J$89,2) | K99: =ROUNDUP($N99/K$89,2) | L99: =ROUNDUP($N99/L$89,2) | M99: =ROUNDUP($N99/M$89,2) | N99: 0.05
B100: 比例 6 | C100: x | D100: x | E100: x | F100: x | G100: x | H100: =ROUNDUP($N100/H$89,2) | I100: =ROUNDUP($N100/I$89,2) | J100: =ROUNDUP($N100/J$89,2) | K100: =ROUNDUP($N100/K$89,2) | L100: =ROUNDUP($N100/L$89,2) | M100: =ROUNDUP($N100/M$89,2) | N100: 0.06
B101: 比例 7 | C101: x | D101: x | E101: x | F101: x | G101: x | H101: x | I101: =ROUNDUP($N101/I$89,2) | J101: =ROUNDUP($N101/J$89,2) | K101: =ROUNDUP($N101/K$89,2) | L101: =ROUNDUP($N101/L$89,2) | M101: =ROUNDUP($N101/M$89,2) | N101: 0.07
B102: 比例 8 | C102: x | D102: x | E102: x | F102: x | G102: x | H102: x | I102: x | J102: =ROUNDUP($N102/J$89,2) | K102: =ROUNDUP($N102/K$89,2) | L102: =ROUNDUP($N102/L$89,2) | M102: =ROUNDUP($N102/M$89,2) | N102: 0.08
B103: 比例 9 | C103: x | D103: x | E103: x | F103: x | G103: x | H103: x | I103: x | J103: =ROUNDUP($N103/J$89,2) | K103: =ROUNDUP($N103/K$89,2) | L103: =ROUNDUP($N103/L$89,2) | M103: =ROUNDUP($N103/M$89,2) | N103: 0.09
B104: 比例10 | C104: x | D104: x | E104: x | F104: x | G104: x | H104: x | I104: x | J104: x | K104: =ROUNDUP($N104/K$89,2) | L104: =ROUNDUP($N104/L$89,2) | M104: =ROUNDUP($N104/M$89,2) | N104: 0.1
B105: 比例11 | C105: x | D105: x | E105: x | F105: x | G105: x | H105: x | I105: x | J105: x | K105: =ROUNDUP($N105/K$89,2) | L105: =ROUNDUP($N105/L$89,2) | M105: =ROUNDUP($N105/M$89,2) | N105: 0.11
B106: 比例12 | C106: x | D106: x | E106: x | F106: x | G106: x | H106: x | I106: x | J106: x | K106: x | L106: =ROUNDUP($N106/L$89,2) | M106: =ROUNDUP($N106/M$89,2) | N106: 0.12
B107: 比例13 | C107: x | D107: x | E107: x | F107: x | G107: x | H107: x | I107: x | J107: x | K107: x | L107: =ROUNDUP($N107/L$89,2) | M107: =ROUNDUP($N107/M$89,2) | N107: 0.13
B108: 比例14 | C108: x | D108: x | E108: x | F108: x | G108: x | H108: x | I108: x | J108: x | K108: x | L108: x | M108: =ROUNDUP($N108/M$89,2) | N108: 0.14
B109: 比例15 | C109: x | D109: x | E109: x | F109: x | G109: x | H109: x | I109: x | J109: x | K109: x | L109: x | M109: =ROUNDUP($N109/M$89,2) | N109: 0.15

Sheet 武器铭刻
A1: 武器铭刻 | B1: 名称 | H1: 祝福详情：祝福模式4级起清，活动期间永久有效。 | M1: =首页索引!$M$1 | N1: =@IF(M1="中秋祝福",6,IF(M1="周年祝福",5,IF(M1="春节祝福",5,4)))
A2: 铭刻材料 | B2: 魅影舞步 | C2: 攻无不克 | D2: 百战之躯 | E2: 炙血战魂 | F2: 四魂天功 | G2: 三魂之力 | H2: 常规祝福：铭刻10级前（含）失败4点祝福值。材料 60斗豆/斗币。
B3: 奇异的画笔 | C3: 锋利的狼牙 | D3: 粗壮的牛角 | E3: 破碎的铠甲 | F3: 四色补天石 | G3: 三彩水晶石 | H3: 春节祝福：铭刻12级前（含）失败5点祝福值。材料 50斗豆/斗币。
B4: 横扫千军 | C4: 生存本能 | D4: 坚定不移 | E4: 嗜血如命 | F4: 坚韧不拔 | G4: 生命伤害 附伤附减 | H4: 周年祝福：铭刻13级前（含）失败5点祝福值。材料 50斗豆/斗币。
B5: 尖锐的铁器 | C5: 沧桑的兽骨 | D5: 稳固的磐石 | E5: 染血的羊皮 | F5: 坚固的砥石 | H5: 中秋祝福：铭刻13级前（含）失败6点祝福值。材料100斗豆/斗币。
A6: 常规祝福：魅影无祝福，材料无折扣。春节/周年/中秋祝福：魅影有祝福，材料无折扣。
A7: 属性 | B7: 战斗力 | C7: 生命值 | D7: 该武伤害 | E7: 附伤附减 | F7: 祝福值 | G7: 单次材料 | H7: 满值材料 | I7: 满值积分 | J7: 祝福值 | K7: 单次材料 | L7: 满值材料 | M7: 满值积分
A8: 0级 | B8: 0 | C8: 0 | D8: 0 | E8: 0 | F8: 4 | G8: 1 | H8: =ROUNDUP((F8/$N$1+1),0)*G8 | I8: =H8*20 | J8: 6 | K8: 1 | L8: =ROUNDUP((J8/$N$1+1),0)*K8 | M8: =L8*20
A9: 1级 | B9: 0.2 | C9: 2 | D9: 3 | E9: 1 | F9: 10 | G9: 2 | H9: =ROUNDUP((F9/$N$1+1),0)*G9 | I9: =H9*20 | J9: 16 | K9: 2 | L9: =ROUNDUP((J9/$N$1+1),0)*K9 | M9: =L9*20
A10: 2级 | B10: 0.5 | C10: 5 | D10: 8 | E10: 2 | F10: 32 | G10: 3 | H10: =ROUNDUP((F10/$N$1+1),0)*G10 | I10: =H10*20 | J10: 48 | K10: 3 | L10: =ROUNDUP((J10/$N$1+1),0)*K10 | M10: =L10*20
A11: 3级 | B11: 0.9 | C11: 9 | D11: 15 | E11: 3 | F11: 50 | G11: 4 | H11: =ROUNDUP((F11/$N$1+1),0)*G11 | I11: =H11*20 | J11: 76 | K11: 4 | L11: =ROUNDUP((J11/$N$1+1),0)*K11 | M11: =L11*20
A12: 4级 | B12: 1.4 | C12: 14 | D12: 23 | E12: 4 | F12: 56 | G12: 5 | H12: =ROUNDUP((F12/$N$1+1),0)*G12 | I12: =H12*20 | J12: 84 | K12: 5 | L12: =ROUNDUP((J12/$N$1+1),0)*K12 | M12: =L12*20
A13: 5级 | B13: 1.9 | C13: 19 | D13: 32 | E13: 6 | F13: 66 | G13: 6 | H13: =ROUNDUP((F13/$N$1+1),0)*G13 | I13: =H13*20 | J13: 100 | K13: 6 | L13: =ROUNDUP((J13/$N$1+1),0)*K13 | M13: =L13*20
A14: 6级 | B14: 2.5 | C14: 25 | D14: 42 | E14: 8 | F14: 80 | G14: 7 | H14: =ROUNDUP((F14/$N$1+1),0)*G14 | I14: =H14*20 | J14: 120 | K14: 7 | L14: =ROUNDUP((J14/$N$1+1),0)*K14 | M14: =L14*20
A15: 7级 | B15: 3.2 | C15: 32 | D15: 53 | E15: 10 | F15: 100 | G15: 7 | H15: =ROUNDUP((F15/$N$1+1),0)*G15 | I15: =H15*20 | J15: 150 | K15: 7 | L15: =ROUNDUP((J15/$N$1+1),0)*K15 | M15: =L15*20
A16: 8级 | B16: 3.9 | C16: 39 | D16: 65 | E16: 13 | F16: 132 | G16: 8 | H16: =ROUNDUP((F16/$N$1+1),0)*G16 | I16: =H16*20 | J16: 198 | K16: 8 | L16: =ROUNDUP((J16/$N$1+1),0)*K16 | M16: =L16*20
A17: 9级 | B17: 4.8 | C17: 48 | D17: 80 | E17: 16 | F17: 200 | G17: 8 | H17: =ROUNDUP((F17/$N$1+1),0)*G17 | I17: =H17*20 | J17: 300 | K17: 8 | L17: =ROUNDUP((J17/$N$1+1),0)*K17 | M17: =L17*20
A18: 10级 | B18: 6 | C18: 60 | D18: 100 | E18: 20 | F18: 200 | G18: 8 | H18: =ROUNDUP((F18/$N$1+1),0)*G18 | I18: =H18*20 | J18: 300 | K18: 8 | L18: =ROUNDUP((J18/$N$1+1),0)*K18 | M18: =L18*20
A19: 11级 | B19: 7.2 | C19: 72 | D19: 110 | E19: 24 | F19: 200 | G19: 8 | H19: =@IF(OR($M$1="春节祝福",$M$1="周年祝福",$M$1="中秋祝福"),ROUNDUP(F19/$N$1+1,0)*G19,ROUNDUP(F19/2+1,0)*G19) | I19: =H19*20 | J19: 300 | K19: 8 | L19: =@IF(OR($M$1="春节祝福",$M$1="周年祝福",$M$1="中秋祝福"),ROUNDUP(J19/$N$1+1,0)*K19,ROUNDUP(J19/2+1,0)*K19) | M19: =L19*20
A20: 12级 | B20: 8.4 | C20: 84 | D20: 120 | E20: 28 | F20: 266 | G20: 9 | H20: =@IF(OR($M$1="春节祝福",$M$1="周年祝福",$M$1="中秋祝福"),ROUNDUP(F20/$N$1+1,0)*G20,ROUNDUP(F20/2+1,0)*G20) | I20: =H20*20 | J20: 400 | K20: 9 | L20: =@IF(OR($M$1="春节祝福",$M$1="周年祝福",$M$1="中秋祝福"),ROUNDUP(J20/$N$1+1,0)*K20,ROUNDUP(J20/2+1,0)*K20) | M20: =L20*20
A21: 13级 | B21: 9.6 | C21: 96 | D21: 130 | E21: 32 | F21: 266 | G21: 9 | H21: =@IF(OR($M$1="周年祝福",$M$1="中秋祝福"),ROUNDUP(F21/$N$1+1,0)*G21,ROUNDUP(F21/2+1,0)*G21) | I21: =H21*20 | J21: 400 | K21: 9 | L21: =@IF(OR($M$1="周年祝福",$M$1="中秋祝福"),ROUNDUP(J21/$N$1+1,0)*K21,ROUNDUP(J21/2+1,0)*K21) | M21: =L21*20
A22: 14级 | B22: 10.8 | C22: 108 | D22: 140 | E22: 36 | F22: 266 | G22: 9 | H22: =ROUNDUP((F22/2+1),0)*G22 | I22: =H22*20 | J22: 400 | K22: 9 | L22: =ROUNDUP((J22/2+1),0)*K22 | M22: =L22*20
A23: 15级 | B23: 12 | C23: 120 | D23: 150 | E23: 40 | F23: x | G23: x | H23: x | I23: x | J23: x | K23: x | L23: x | M23: x
A24: 适用范围 | B24: 各级加成通用值 | F24: 生命伤害/附伤附减/坚韧不拔 | J24: 铭刻七技
A26: 属性 | B26: 祝福值 | C26: 单次材料 | D26: 满值材料 | E26: 满值积分 | F26: 祝福值 | G26: 单次材料 | H26: 满值材料 | I26: 满值积分 | J26: 祝福值 | K26: 单次材料 | L26: 满值材料 | M26: 满值积分
A27: 0级 | B27: 8 | C27: 1 | D27: =ROUNDUP((B27/$N$1+1),0)*C27 | E27: =D27*20 | F27: 12 | G27: 1 | H27: =ROUNDUP((F27/$N$1+1),0)*G27 | I27: =H27*20 | J27: 12 | K27: 1 | L27: =@IF(OR($M$1="春节祝福",$M$1="周年祝福",$M$1="中秋祝福"),ROUNDUP(J27/$N$1+1,0)*K27,ROUNDUP(J27/2+1,0)*K27) | M27: =L27*100
A28: 1级 | B28: 20 | C28: 2 | D28: =ROUNDUP((B28/$N$1+1),0)*C28 | E28: =D28*20 | F28: 30 | G28: 2 | H28: =ROUNDUP((F28/$N$1+1),0)*G28 | I28: =H28*20 | J28: 30 | K28: 2 | L28: =@IF(OR($M$1="春节祝福",$M$1="周年祝福",$M$1="中秋祝福"),ROUNDUP(J28/$N$1+1,0)*K28,ROUNDUP(J28/2+1,0)*K28) | M28: =L28*100
A29: 2级 | B29: 64 | C29: 3 | D29: =ROUNDUP((B29/$N$1+1),0)*C29 | E29: =D29*20 | F29: 96 | G29: 3 | H29: =ROUNDUP((F29/$N$1+1),0)*G29 | I29: =H29*20 | J29: 96 | K29: 3 | L29: =@IF(OR($M$1="春节祝福",$M$1="周年祝福",$M$1="中秋祝福"),ROUNDUP(J29/$N$1+1,0)*K29,ROUNDUP(J29/2+1,0)*K29) | M29: =L29*100
A30: 3级 | B30: 100 | C30: 4 | D30: =ROUNDUP((B30/$N$1+1),0)*C30 | E30: =D30*20 | F30: 150 | G30: 4 | H30: =ROUNDUP((F30/$N$1+1),0)*G30 | I30: =H30*20 | J30: 150 | K30: 4 | L30: =@IF(OR($M$1="春节祝福",$M$1="周年祝福",$M$1="中秋祝福"),ROUNDUP(J30/$N$1+1,0)*K30,ROUNDUP(J30/2+1,0)*K30) | M30: =L30*100
A31: 4级 | B31: 112 | C31: 5 | D31: =ROUNDUP((B31/$N$1+1),0)*C31 | E31: =D31*20 | F31: 168 | G31: 5 | H31: =ROUNDUP((F31/$N$1+1),0)*G31 | I31: =H31*20 | J31: 168 | K31: 5 | L31: =@IF(OR($M$1="春节祝福",$M$1="周年祝福",$M$1="中秋祝福"),ROUNDUP(J31/$N$1+1,0)*K31,ROUNDUP(J31/2+1,0)*K31) | M31: =L31*100
A32: 5级 | B32: 132 | C32: 6 | D32: =ROUNDUP((B32/$N$1+1),0)*C32 | E32: =D32*20 | F32: 198 | G32: 6 | H32: =ROUNDUP((F32/$N$1+1),0)*G32 | I32: =H32*20 | J32: 198 | K32: 6 | L32: =@IF(OR($M$1="春节祝福",$M$1="周年祝福",$M$1="中秋祝福"),ROUNDUP(J32/$N$1+1,0)*K32,ROUNDUP(J32/2+1,0)*K32) | M32: =L32*100
A33: 6级 | B33: 160 | C33: 7 | D33: =ROUNDUP((B33/$N$1+1),0)*C33 | E33: =D33*20 | F33: 240 | G33: 7 | H33: =ROUNDUP((F33/$N$1+1),0)*G33 | I33: =H33*20 | J33: 240 | K33: 7 | L33: =@IF(OR($M$1="春节祝福",$M$1="周年祝福",$M$1="中秋祝福"),ROUNDUP(J33/$N$1+1,0)*K33,ROUNDUP(J33/2+1,0)*K33) | M33: =L33*100
A34: 7级 | B34: 200 | C34: 7 | D34: =ROUNDUP((B34/$N$1+1),0)*C34 | E34: =D34*20 | F34: 300 | G34: 7 | H34: =ROUNDUP((F34/$N$1+1),0)*G34 | I34: =H34*20 | J34: 300 | K34: 7 | L34: =@IF(OR($M$1="春节祝福",$M$1="周年祝福",$M$1="中秋祝福"),ROUNDUP(J34/$N$1+1,0)*K34,ROUNDUP(J34/2+1,0)*K34) | M34: =L34*100
A35: 8级 | B35: 264 | C35: 8 | D35: =ROUNDUP((B35/$N$1+1),0)*C35 | E35: =D35*20 | F35: 396 | G35: 8 | H35: =ROUNDUP((F35/$N$1+1),0)*G35 | I35: =H35*20 | J35: 396 | K35: 8 | L35: =@IF(OR($M$1="春节祝福",$M$1="周年祝福",$M$1="中秋祝福"),ROUNDUP(J35/$N$1+1,0)*K35,ROUNDUP(J35/2+1,0)*K35) | M35: =L35*100
A36: 9级 | B36: 400 | C36: 8 | D36: =ROUNDUP((B36/$N$1+1),0)*C36 | E36: =D36*20 | F36: 600 | G36: 8 | H36: =ROUNDUP((F36/$N$1+1),0)*G36 | I36: =H36*20 | J36: 600 | K36: 8 | L36: =@IF(OR($M$1="春节祝福",$M$1="周年祝福",$M$1="中秋祝福"),ROUNDUP(J36/$N$1+1,0)*K36,ROUNDUP(J36/2+1,0)*K36) | M36: =L36*100
A37: 10级 | B37: 400 | C37: 8 | D37: =ROUNDUP((B37/$N$1+1),0)*C37 | E37: =D37*20 | F37: 600 | G37: 8 | H37: =ROUNDUP((F37/$N$1+1),0)*G37 | I37: =H37*20 | J37: 600 | K37: 8 | L37: =@IF(OR($M$1="春节祝福",$M$1="周年祝福",$M$1="中秋祝福"),ROUNDUP(J37/$N$1+1,0)*K37,ROUNDUP(J37/2+1,0)*K37) | M37: =L37*100
A38: 11级 | B38: 400 | C38: 8 | D38: =@IF(OR($M$1="春节祝福",$M$1="周年祝福",$M$1="中秋祝福"),ROUNDUP(B38/$N$1+1,0)*C38,ROUNDUP(B38/2+1,0)*C38) | E38: =D38*20 | F38: 600 | G38: 8 | H38: =@IF(OR($M$1="春节祝福",$M$1="周年祝福",$M$1="中秋祝福"),ROUNDUP(F38/$N$1+1,0)*G38,ROUNDUP(F38/2+1,0)*G38) | I38: =H38*20 | J38: 600 | K38: 8 | L38: =@IF(OR($M$1="春节祝福",$M$1="周年祝福",$M$1="中秋祝福"),ROUNDUP(J38/$N$1+1,0)*K38,ROUNDUP(J38/2+1,0)*K38) | M38: =L38*100
A39: 12级 | B39: 532 | C39: 9 | D39: =@IF(OR($M$1="春节祝福",$M$1="周年祝福",$M$1="中秋祝福"),ROUNDUP(B39/$N$1+1,0)*C39,ROUNDUP(B39/2+1,0)*C39) | E39: =D39*20 | F39: 798 | G39: 9 | H39: =@IF(OR($M$1="春节祝福",$M$1="周年祝福",$M$1="中秋祝福"),ROUNDUP(F39/$N$1+1,0)*G39,ROUNDUP(F39/2+1,0)*G39) | I39: =H39*20 | J39: 798 | K39: 9 | L39: =@IF(OR($M$1="春节祝福",$M$1="周年祝福",$M$1="中秋祝福"),ROUNDUP(J39/$N$1+1,0)*K39,ROUNDUP(J39/2+1,0)*K39) | M39: =L39*100
A40: 13级 | B40: 532 | C40: 9 | D40: =@IF(OR($M$1="周年祝福",$M$1="中秋祝福"),ROUNDUP(B40/$N$1+1,0)*C40,ROUNDUP(B40/2+1,0)*C40) | E40: =D40*20 | F40: 798 | G40: 9 | H40: =@IF(OR($M$1="周年祝福",$M$1="中秋祝福"),ROUNDUP(F40/$N$1+1,0)*G40,ROUNDUP(F40/2+1,0)*G40) | I40: =H40*20 | J40: 798 | K40: 9 | L40: =@IF(OR($M$1="春节祝福",$M$1="周年祝福",$M$1="中秋祝福"),ROUNDUP(J40/$N$1+1,0)*K40,ROUNDUP(J40/2+1,0)*K40) | M40: =L40*100
A41: 14级 | B41: 532 | C41: 9 | D41: =ROUNDUP((B41/2+1),0)*C41 | E41: =D41*20 | F41: 798 | G41: 9 | H41: =ROUNDUP((F41/2+1),0)*G41 | I41: =H41*20 | J41: 798 | K41: 9 | L41: =ROUNDUP((J41/2+1),0)*K41 | M41: =L41*100
A42: 15级 | B42: x | C42: x | D42: x | E42: x | F42: x | G42: x | H42: x | I42: x | J42: x | K42: x | L42: x | M42: x
A43: 适用范围 | B43: 百战之躯 | F43: 攻无不克 | J43: 魅影舞步
A45: 名称 | B45: 效果说明
A46: 魅影舞步 所需武器 长矛 手枪 菜刀 加特林 | B46: 等级 0 ：提升自身的闪避率 1.0%、技能抗韧性 1.0%、武器抗韧性 1.0%和速度值 1点，如魅似幻的轻灵舞步
B47: 等级 1 ：提升自身的闪避率 1.2%、技能抗韧性 1.2%、武器抗韧性 1.2%和速度值 1点，如魅似幻的轻灵舞步
B48: 等级 2 ：提升自身的闪避率 1.4%、技能抗韧性 1.4%、武器抗韧性 1.4%和速度值 1点，如魅似幻的轻灵舞步
B49: 等级 3 ：提升自身的闪避率 1.6%、技能抗韧性 1.6%、武器抗韧性 1.6%和速度值 2点，如魅似幻的轻灵舞步
B50: 等级 4 ：提升自身的闪避率 1.8%、技能抗韧性 1.8%、武器抗韧性 1.8%和速度值 2点，如魅似幻的轻灵舞步
B51: 等级 5 ：提升自身的闪避率 2.0%、技能抗韧性 2.0%、武器抗韧性 2.0%和速度值 2点，如魅似幻的轻灵舞步
B52: 等级 6 ：提升自身的闪避率 2.2%、技能抗韧性 2.2%、武器抗韧性 2.2%和速度值 3点，如魅似幻的轻灵舞步
B53: 等级 7 ：提升自身的闪避率 2.4%、技能抗韧性 2.4%、武器抗韧性 2.4%和速度值 3点，如魅似幻的轻灵舞步
B54: 等级 8 ：提升自身的闪避率 2.6%、技能抗韧性 2.6%、武器抗韧性 2.6%和速度值 3点，如魅似幻的轻灵舞步
B55: 等级 9 ：提升自身的闪避率 2.8%、技能抗韧性 2.8%、武器抗韧性 2.8%和速度值 4点，如魅似幻的轻灵舞步
B56: 等级10 ：提升自身的闪避率 3.0%、技能抗韧性 3.0%、武器抗韧性 3.0%和速度值 4点，如魅似幻的轻灵舞步
B57: 等级11 ：提升自身的闪避率 3.2%、技能抗韧性 3.2%、武器抗韧性 3.2%和速度值 4点，如魅似幻的轻灵舞步
B58: 等级12 ：提升自身的闪避率 3.4%、技能抗韧性 3.4%、武器抗韧性 3.4%和速度值 5点，如魅似幻的轻灵舞步
... B106: 等级60 ：提升自身的闪避率32.0%、技能抗韧性32.0%、武器抗韧性32.0%和速度值32点，如魅似幻的轻灵舞步
A107: 攻无不克 所需武器 黑桃A 啤酒瓶 玄铁磁石 轩辕剑 | B107: 等级 0 ：每次使用武器命中对手后，将偷取对手的力量值 1点、一直持续累加到战斗结束。最高偷取对手属性上限10%
B108: 等级 1 ：每次使用武器命中对手后，将偷取对手的力量值 1点、敏捷值 1点，一直持续累加到战斗结束。最高偷取对手属性上限10%
B109: 等级 2 ：每次使用武器命中对手后，将偷取对手的力量值 1点、敏捷值 1点和速度值 1点，一直持续累加到战斗结束。最高偷取对手属性上限10%
B110: 等级 3 ：每次使用武器命中对手后，将偷取对手的力量值 2点、敏捷值 1点和速度值 1点，一直持续累加到战斗结束。最高偷取对手属性上限12%
B111: 等级 4 ：每次使用武器命中对手后，将偷取对手的力量值 2点、敏捷值 2点和速度值 1点，一直持续累加到战斗结束。最高偷取对手属性上限12%
B112: 等级 5 ：每次使用武器命中对手后，将偷取对手的力量值 2点、敏捷值 2点和速度值 2点，一直持续累加到战斗结束。最高偷取对手属性上限12%
B113: 等级 6 ：每次使用武器命中对手后，将偷取对手的力量值 3点、敏捷值 2点和速度值 2点，一直持续累加到战斗结束。最高偷取对手属性上限14%
B114: 等级 7 ：每次使用武器命中对手后，将偷取对手的力量值 3点、敏捷值 3点和速度值 2点，一直持续累加到战斗结束。最高偷取对手属性上限14%
B115: 等级 8 ：每次使用武器命中对手后，将偷取对手的力量值 3点、敏捷值 3点和速度值 3点，一直持续累加到战斗结束。最高偷取对手属性上限14%
B116: 等级 9 ：每次使用武器命中对手后，将偷取对手的力量值 4点、敏捷值 3点和速度值 3点，一直持续累加到战斗结束。最高偷取对手属性上限16%
B117: 等级10 ：每次使用武器命中对手后，将偷取对手的力量值 4点、敏捷值 4点和速度值 3点，一直持续累加到战斗结束。最高偷取对手属性上限16%
B118: 等级11 ：每次使用武器命中对手后，将偷取对手的力量值 4点、敏捷值 4点和速度值 4点，一直持续累加到战斗结束。最高偷取对手属性上限16%
B119: 等级12 ：每次使用武器命中对手后，将偷取对手的力量值 5点、敏捷值 4点和速度值 4点，一直持续累加到战斗结束。最高偷取对手属性上限18%
... B167: 等级60 ：每次使用武器命中对手后，将偷取对手的力量值35点、敏捷值35点和速度值35点，一直持续累加到战斗结束。最高偷取对手属性上限60%
A168: 百战之躯 所需武器 绣花针 合金钻头 龙舌弓 如意金箍棒 | B168: 等级 0 ：每次受到对手武器攻击时增加武器减伤1%，抗武器暴击率 0.2%，抗武器暴击伤害 0.3%。如果该武器为专精武器，则所有效果翻倍
B169: 等级 1 ：每次受到对手武器攻击时增加武器减伤1%，抗武器暴击率 0.4%，抗武器暴击伤害 0.6%。如果该武器为专精武器，则所有效果翻倍
B170: 等级 2 ：每次受到对手武器攻击时增加武器减伤1%，抗武器暴击率 0.6%，抗武器暴击伤害 0.9%。如果该武器为专精武器，则所有效果翻倍
B171: 等级 3 ：每次受到对手武器攻击时增加武器减伤1%，抗武器暴击率 0.8%，抗武器暴击伤害 1.3%。如果该武器为专精武器，则所有效果翻倍
B172: 等级 4 ：每次受到对手武器攻击时增加武器减伤1%，抗武器暴击率 0.9%，抗武器暴击伤害 1.6%。如果该武器为专精武器，则所有效果翻倍
B173: 等级 5 ：每次受到对手武器攻击时增加武器减伤1%，抗武器暴击率 1.1%，抗武器暴击伤害 1.9%。如果该武器为专精武器，则所有效果翻倍
B174: 等级 6 ：每次受到对手武器攻击时增加武器减伤1%，抗武器暴击率 1.4%，抗武器暴击伤害 2.3%。如果该武器为专精武器，则所有效果翻倍
B175: 等级 7 ：每次受到对手武器攻击时增加武器减伤1%，抗武器暴击率 1.6%，抗武器暴击伤害 2.6%。如果该武器为专精武器，则所有效果翻倍
B176: 等级 8 ：每次受到对手武器攻击时增加武器减伤1%，抗武器暴击率 1.8%，抗武器暴击伤害 3.0%。如果该武器为专精武器，则所有效果翻倍
B177: 等级 9 ：每次受到对手武器攻击时增加武器减伤2%，抗武器暴击率 2.0%，抗武器暴击伤害 3.4%。如果该武器为专精武器，则所有效果翻倍
B178: 等级10 ：每次受到对手武器攻击时增加武器减伤2%，抗武器暴击率 2.3%，抗武器暴击伤害 3.8%。如果该武器为专精武器，则所有效果翻倍
B179: 等级11 ：每次受到对手武器攻击时增加武器减伤2%，抗武器暴击率 2.6%，抗武器暴击伤害 4.3%。如果该武器为专精武器，则所有效果翻倍
B180: 等级12 ：每次受到对手武器攻击时增加武器减伤2%，抗武器暴击率 2.9%，抗武器暴击伤害 4.8%。如果该武器为专精武器，则所有效果翻倍
... B228: 等级60 ：每次受到对手武器攻击时增加武器减伤5%，抗武器暴击率25.0%，抗武器暴击伤害43.0%。如果该武器为专精武器，则所有效果翻倍
A229: 炙血战魂 所需武器 生死簿 红缨枪 大力神杯 丈八蛇矛 | B229: 等级 0 ：不断积攒的战意都转变为自身伤害和命中的提升。全类型武器附加伤害增加 1点，每过一回合累计增加自身命中率0.5%。
B230: 等级 1 ：不断积攒的战意都转变为自身伤害和命中的提升。全类型武器附加伤害增加 2点，每过一回合累计增加自身命中率0.5%。
B231: 等级 2 ：不断积攒的战意都转变为自身伤害和命中的提升。全类型武器附加伤害增加 3点，每过一回合累计增加自身命中率0.6%。
B232: 等级 3 ：不断积攒的战意都转变为自身伤害和命中的提升。全类型武器附加伤害增加 4点，每过一回合累计增加自身命中率0.6%。
B233: 等级 4 ：不断积攒的战意都转变为自身伤害和命中的提升。全类型武器附加伤害增加 5点，每过一回合累计增加自身命中率0.7%。
B234: 等级 5 ：不断积攒的战意都转变为自身伤害和命中的提升。全类型武器附加伤害增加 6点，每过一回合累计增加自身命中率0.7%。
B235: 等级 6 ：不断积攒的战意都转变为自身伤害和命中的提升。全类型武器附加伤害增加 7点，每过一回合累计增加自身命中率0.8%。
B236: 等级 7 ：不断积攒的战意都转变为自身伤害和命中的提升。全类型武器附加伤害增加 8点，每过一回合累计增加自身命中率0.8%。
B237: 等级 8 ：不断积攒的战意都转变为自身伤害和命中的提升。全类型武器附加伤害增加 9点，每过一回合累计增加自身命中率0.9%。
B238: 等级 9 ：不断积攒的战意都转变为自身伤害和命中的提升。全类型武器附加伤害增加10点，每过一回合累计增加自身命中率0.9%。
B239: 等级10 ：不断积攒的战意都转变为自身伤害和命中的提升。全类型武器附加伤害增加11点，每过一回合累计增加自身命中率1.0%。
B240: 等级11 ：不断积攒的战意都转变为自身伤害和命中的提升。全类型武器附加伤害增加12点，每过一回合累计增加自身命中率1.0%。
B241: 等级12 ：不断积攒的战意都转变为自身伤害和命中的提升。全类型武器附加伤害增加13点，每过一回合累计增加自身命中率1.1%。
... B289: 等级60 ：不断积攒的战意都转变为自身伤害和命中的提升。全类型武器附加伤害增加85点，每过一回合累计增加自身命中率3.5%。
A290: 四魂天功 所需武器 燃烧弹 传说之杖 落日弓 三叉戟 | B290: 等级 0 ：每镶嵌10个同类型魂珠增加额外属性：帅帅+0.30%暴击，月影+0.30%抗暴击，剑君+0.60固定伤害，教主+0.60固定减伤
...

Sheet 槽位符石
A1: 槽位符石 | B1: 槽级符级 | C1: Ⅰ级符石 | D1: Ⅱ级符石 | E1: Ⅲ级符石 | F1: Ⅳ级符石 | G1: Ⅴ级符石 | H1: 祝福详情：祝福模式，永久有效。 | M1: =首页索引!$M$1 | N1: =@IF(M1="中秋祝福",5,IF(M1="周年祝福",5,IF(M1="春节祝福",5,4)))
A2: 熔炼乌金 | B2: 槽位1 | C2: 相关内容 | D2: 相关内容 | E2: 相关内容 | F2: 相关内容 | G2: 相关内容 | H2: 常规祝福：槽位等级5级前（含）失败4点祝福值。熔炼乌金140斗豆。
B3: 槽位2 | C3: 相关内容 | D3: 相关内容 | E3: 相关内容 | F3: 相关内容 | G3: 相关内容 | H3: 春节祝福：槽位等级5级前（含）失败5点祝福值。熔炼乌金120斗豆。
B4: 槽位3 | C4: x | D4: x | E4: x | F4: x | G4: 相关内容 | H4: 周年祝福：槽位等级5级前（含）失败5点祝福值。熔炼乌金120斗豆。
B5: 常见神器符石推荐（仅供参考） | H5: 中秋祝福：槽位等级5级前（含）失败5点祝福值。熔炼乌金200斗豆。
A7: 槽位等级 | B7: 战斗力 | C7: 符石效果 | D7: 祝福值 | E7: 单次材料 | F7: 满值材料 | H7: 符石品质 | I7: 战斗力 | J7: 碎片需求 | K7: 属性1 | L7: 属性2 | M7: 属性3
A8: 1 | B8: 1 | C8: 10% | D8: 2 | E8: 2 | F8: =ROUNDUP(D8/$N$1+1,0)*E8 | H8: Ⅰ | I8: 0.1 | J8: 5 | K8: √ | L8: x | M8: x
A9: 2 | B9: 2 | C9: 30% | D9: 20 | E9: 4 | F9: =ROUNDUP(D9/$N$1+1,0)*E9 | H9: Ⅱ | I9: 0.3 | J9: 10 | K9: √ | L9: 单类武器 | M9: x
A10: 3 | B10: 3.5 | C10: 50% | D10: 200 | E10: 6 | F10: =ROUNDUP(D10/$N$1+1,0)*E10 | H10: Ⅲ | I10: 0.6 | J10: 30 | K10: √ | L10: 全类武器 | M10: 5级槽生效
A11: 4 | B11: 5 | C11: 75% | D11: 500 | E11: 8 | F11: =ROUNDUP(D11/$N$1+1,0)*E11 | H11: Ⅳ | I11: 1.2 | J11: 60 | K11: √ | L11: 全类武器 | M11: 5级槽生效
A12: 5 | B12: 8 | C12: 100% | D12: x | E12: x | F12: x | H12: Ⅴ | I12: 2.4 | J12: 100 | K12: √ | L12: 全类武器 | M12: 5级槽生效
A14: 槽位1 | B14: Ⅰ级符石 | D14: Ⅱ级符石 | H14: 槽位2 | I14: Ⅰ级符石 | K14: Ⅱ级符石
A15: 闪耀·流风 | B15: x | D15: 该武器伤害10，小型武器附加伤害5 | H15: 洞悉·焱炎 | I15: x | K15: 武器命中5%，大型武器附加减伤5
A16: 闪耀·幽月 | B16: x | D16: 该武器伤害10，小型武器附加伤害5 | H16: 洞悉·苍玉 | I16: x | K16: 武器命中5%，小型武器附加减伤5
A17: 闪耀·银光 | B17: 该武器伤害10 | D17: 该武器伤害10，大型武器附加伤害5 | H17: 洞悉·紫晶 | I17: 武器命中5% | K17: 武器命中5%，大型武器附加减伤5
A18: 破坏·流风 | B18: x | D18: 武器暴伤10%，投掷武器附加伤害5 | H18: 终结·焱炎 | I18: 武器抗韧5% | K18: 武器抗韧5%，中型武器附加减伤5
A19: 破坏·幽月 | B19: 武器暴伤10% | D19: 武器暴伤10%，投掷武器附加伤害5 | H19: 终结·苍玉 | I19: x | K19: 武器抗韧5%，投掷武器附加减伤5
A20: 破坏·银光 | B20: x | D20: 武器暴伤10%，中型武器附加伤害5 | H20: 终结·紫晶 | I20: x | K20: 武器抗韧5%，小型武器附加减伤5
A22: 槽位1 | B22: Ⅴ级符石（全类型武器附加伤害15） | F22: Ⅳ级符石（全类型武器附加伤害12） | J22: Ⅲ级符石（全类型武器附加伤害8）
A23: 闪耀·流风 | B23: 该武器伤害70，忽略反击100% | F23: 该武器伤害40，忽略反击100% | J23: 该武器伤害20，忽略反击50%
A24: 破坏·流风 | B24: 武器暴伤50%，忽略反击100% | F24: 武器暴伤25%，忽略反击100% | J24: 武器暴伤15%，忽略反击50%
A25: 闪耀·霸风 | B25: 该武器伤害70，忽略反弹100% | F25: 该武器伤害40，忽略反弹100% | J25: 该武器伤害20，忽略反弹50%
A26: 破坏·霸风 | B26: 武器暴伤50%，忽略反弹100% | F26: 武器暴伤25%，忽略反弹100% | J26: 武器暴伤15%，忽略反弹50%
A27: 闪耀·狂风 | B27: 该武器伤害70，无视格挡100% | F27: 该武器伤害40，无视格挡100% | J27: 该武器伤害20，无视格挡50%
A28: 破坏·狂风 | B28: 武器暴伤50%，无视格挡100% | F28: 武器暴伤25%，无视格挡100% | J28: 武器暴伤15%，无视格挡50%
A29: 闪耀·暴风 | B29: 该武器伤害70，忽略装死100% | F29: 该武器伤害40，忽略装死100% | J29: 该武器伤害20，忽略装死50%
A30: 破坏·暴风 | B30: 武器暴伤50%，忽略装死100% | F30: 武器暴伤25%，忽略装死100% | J30: 武器暴伤15%，忽略装死50%
A31: 闪耀·幽月 | B31: 该武器伤害70，附加等级百分比伤害300% | F31: 该武器伤害40，附加等级百分比伤害200% | J31: 该武器伤害20，附加等级百分比伤害100%
A32: 破坏·幽月 | B32: 武器暴伤50%，附加等级百分比伤害300% | F32: 武器暴伤25%，附加等级百分比伤害200% | J32: 武器暴伤15%，附加等级百分比伤害100%
A33: 闪耀·雪月 | B33: 该武器伤害70，附加当前生命百分比伤害5% | F33: 该武器伤害40，附加当前生命百分比伤害3% | J33: 该武器伤害20，附加当前生命百分比伤害1%
... A72: 终结·烟晶 | B72: 武器抗韧30%，闪避反击100% | F72: 武器抗韧15%，闪避反击60% | J72: 武器抗韧10%，闪避反击30%
A74: 槽位3 | B74: Ⅴ级符石（生命值40） | F74: 符石百宝箱 | G74: 王子福袋 | H74: 星宫宝库 | I74: 三节返利 | K74: Ⅴ级碎片 | L74: 帮派商会 | M74: 符石百宝箱
A75: 神佑·赤焰 | B75: 手持减伤30%，100%附带50%吸血效果 | F75: √ | G75: √ | H75: 怒焰珍藏 | I75: √ | K75: XX· X风 | L75: √ | M75: √
A76: 守护·赤焰 | B76: 武器抗穿20%，100%附带50%吸血效果 | F76: x | G76: √ | H76: x | I76: √ | K76: XX· X月 | L76: √ | M76: √
A77: 坚韧·赤焰 | B77: 武器韧性30%，100%附带50%吸血效果 | F77: √ | G77: √ | H77: x | I77: √ | K77: XX·银光 | L77: x | M77: √
A78: 神佑·怒意 | B78: 手持减伤30%，必暴击 | F78: √ | G78: √ | H78: 怒焰珍藏 | I78: √ | K78: XX·闪光 | L78: √ | M78: x
A79: 守护·怒意 | B79: 武器抗穿20%，必暴击 | F79: √ | G79: √ | H79: x | I79: √ | K79: XX·亮光 | L79: x | M79: x
A80: 坚韧·怒意 | B80: 武器韧性30%，必暴击 | F80: x | G80: √ | H80: x | I80: √ | K80: XX· X炎 | L80: 仅有黑炎 | M80: 仅无黑炎
A81: 神佑·落星 | B81: 手持减伤30%，必中 | F81: x | G81: √ | H81: 落星珍藏 | I81: √ | K81: XX· X玉 | L81: x | M81: √
A82: 守护·落星 | B82: 武器抗穿20%，必中 | F82: x | G82: x | H82: 落星珍藏 | I82: √ | K82: XX· X晶 | L82: x | M82: √
A83: 坚韧·落星 | B83: 武器韧性30%，必中 | F83: x | G83: x | H83: x | I83: √ | K83: 亮光符石仅曾作为活动排行奖励
A85: 相关说明 | B85: 符石名称 | C85: Ⅴ级属性 | H85: 符石名称 | I85: Ⅴ级属性
A86: 重要符石 银光除外 | B86: 闪耀·流风 | C86: 该武器伤害70，全类型武器附伤15，忽略反击100% | H86: 泯灭·黑炎 | I86: 武器穿透20%，全类型武器附减15，禁止对手门派技能3回合
B87: 破坏·流风 | C87: 武器暴伤50%，全类型武器附伤15，忽略反击100% | H87: 泯灭·苍玉 | I87: 武器穿透20%，全类型武器附减15，忽略对手2回合
B88: 闪耀·霸风 | C88: 该武器伤害70，全类型武器附伤15，忽略反弹100% | H88: 泯灭·碧玉 | I88: 武器穿透20%，全类型武器附减15，使对手空手攻击2回合
B89: 破坏·霸风 | C89: 武器暴伤50%，全类型武器附伤15，忽略反弹100% | H89: 泯灭·墨玉 | I89: 武器穿透20%，全类型武器附减15，使对手技能攻击2回合
B90: 闪耀·暴风 | C90: 该武器伤害70，全类型武器附伤15，忽略装死100% | H90: 泯灭·紫晶 | I90: 武器穿透20%，全类型武器附减15，连击100%
B91: 破坏·暴风 | C91: 武器暴伤50%，全类型武器附伤15，忽略装死100% | H91: 终结·紫晶 | I91: 武器抗韧30%，全类型武器附减15，连击100%
B92: 闪耀·锦月 | C92: 该武器伤害70，全类型武器附伤15，附加速度* 50%的伤害 | H92: 神佑·赤焰 | I92: 手持减伤30%，生命值40，100%附带50%吸血效果
B93: 破坏·锦月 | C93: 武器暴伤50%，全类型武器附伤15，附加速度* 50%的伤害 | H93: 守护·赤焰 | I93: 武器抗穿20%，生命值40，100%附带50%吸血效果
B94: 闪耀·清月 | C94: 该武器伤害70，全类型武器附伤15，附加敏捷*200%的伤害 | H94: 神佑·怒意 | I94: 手持减伤30%，生命值40，必暴击
B95: 破坏·清月 | C95: 武器暴伤50%，全类型武器附伤15，附加敏捷*200%的伤害 | H95: 守护·怒意 | I95: 武器抗穿20%，生命值40，必暴击
B96: 闪耀·银光 | C96: 该武器伤害70，全类型武器附伤15，该回合伤害提高20% | H96: 神佑·落星 | I96: 手持减伤30%，生命值40，必中
B97: 破坏·银光 | C97: 武器暴伤50%，全类型武器附伤15，该回合伤害提高20% | H97: 守护·落星 | I97: 武器抗穿20%，生命值40，必中
A98: 相关说明 | B98: 武器名称 | C98: 使用情况 | D98: 对应符石 | H98: 武器名称 | I98: 使用情况 | J98: 对应符石
A99: 优先武器 专精武器 | B99: 神· 霸皇 | C99: 专精12/外 | D99: 破坏·暴风+泯灭·墨玉+守护·落星 | H99: 神· 马格南左轮 | I99: 专精12/外 | J99: 破坏·暴风+泯灭·墨玉+守护·怒意
C100: 专精3 | D100: 破坏·清月+泯灭·墨玉+守护·赤焰 | I100: x | J100: x
B101: 神· 大力神杯 | C101: 专精2 | D101: 破坏·暴风+泯灭·墨玉+守护·落星 | H101: 神· 月光炮 | I101: 专精12/外 | J101: 破坏·锦月+泯灭·碧玉+守护·赤焰
C102: 专精3 | D102: 破坏·清月+泯灭·墨玉+守护·怒意 | I102: x | J102: x
B103: 神· 雷神之锤 | C103: 专精2 | D103: 破坏·暴风+泯灭·碧玉+守护·落星 | H103: 神· 电饭煲 | I103: 专精3 | J103: 破坏·流风+泯灭·碧玉+守护·怒意
C104: 专精3 | D104: 破坏·锦月+泯灭·碧玉+守护·怒意 | I104: 专精2 | J104: 破坏·暴风+泯灭·碧玉+守护·落星
B105: 神· 炼狱加特林 | C105: 专精2 | D105: 破坏·锦月+泯灭·碧玉+守护·落星 | H105: 神· 星之杖 | I105: 专精3 | J105: 破坏·锦月+泯灭·碧玉+守护·怒意
C106: 专精3 | D106: 破坏·锦月+泯灭·碧玉+守护·怒意 | I106: 专精2 | J106: 破坏·暴风+泯灭·碧玉+守护·落星
B107: 神· 死寂 | C107: 专精12 | D107: 破坏·锦月+泯灭·碧玉+守护·怒意 | H107: 神· 死亡笔记 | I107: 专精12 | J107: 破坏·锦月+泯灭·碧玉+守护·怒意
C108: x | D108: x | I108: x | J108: x
B109: 神· 无限板砖 | C109: 专精12/外 | D109: 破坏·暴风+泯灭·墨玉+守护·落星 | H109: 神· 冈格尼尔 | I109: 专精1/外 | J109: 闪耀·清月+泯灭·墨玉+守护·怒意（理论顶配）
C110: 专精3 | D110: 破坏·清月+泯灭·墨玉+守护·怒意 | I110: 专精12 | J110: 闪耀·锦月+泯灭·碧玉+守护·落星（后手低配）
B111: 神· 射雕神弓 | C111: 专精1/外 | D111: 破坏·清月+泯灭·墨玉+守护·怒意（理论顶配） | H111: 神· 可乐切割枪 | I111: 专精1 | J111: 闪耀·暴风/霸风+泯灭·碧玉+守护·怒意/赤焰
C112: 专精3 | D112: 破坏·锦月+泯灭·碧玉+守护·怒意（后手低配） | I112: 专精2 | J112: 闪耀·暴风/锦月+泯灭·碧玉+守护·怒意
B113: 神·埃辛 诺斯战刃 | C113: 专精1 | D113: 破坏·暴风/流风+泯灭·碧玉+守护·怒意 | H113: 神· 无敌飞鞋 | I113: 专精2 | J113: 闪耀·暴风/锦月+泯灭·碧玉+守护·落星/怒意
C114: 专精2 | D114: 破坏·暴风/锦月+泯灭·碧玉+守护·怒意 | I114: 专精1 | J114: 闪耀·暴风/霸风+泯灭·碧玉+守护·落星/赤焰
B115: 神· 命运之枪 | C115: 专精2 | D115: 破坏·锦月+泯灭·碧玉+守护·落星 | H115: 神· 花仙子 | I115: 专精3 | J115: 闪耀·霸风/锦月+泯灭·碧玉+守护·赤焰
C116: x | D116: x | I116: x | J116: x
A117: 特别说明 | B117: 1、守护/神佑高配低配各凭实力，终结/坚韧不在本表考虑范围，墨玉/碧玉低配可用黑炎紫晶。投掷必定闪耀符石。
B118: 2、奥义55叠加1次锦月伤害近似清月伤害，奥义55叠加2次锦月伤害高于清月伤害，没有奥义55上表锦月都改清月。
B119: 3、清月锦月伤害：即时速度/敏捷*对应符石百分比。银光伤害：（即时力量*（1~1.5）+400）*20%，这里的400是基础值估算。计算可知银光废物。

Sheet 全民乱斗
A1: 全民乱斗 | B1: 系统名称 | D1: 乱斗任务 | H1: 祝福详情：祝福模式十阶起清，活动期间持续24小时。 | M1: =首页索引!$M$1 | N1: =@IF(M1="中秋祝福",4,IF(M1="周年祝福",4,IF(M1="春节祝福",4,2)))
A2: 斗灵石-空 | B2: 空手反制 | C2: 神兵共鸣 | D2: 木3水3 | E2: 地盘2次 | F2: 竞技2次 | G2: x | H2: 基础祝福：乱斗技15阶前（含）失败2点祝福值。斗灵石-空70斗豆。
B3: 武器感知 | C3: x | D3: 水3火3 | E3: 地盘3次 | F3: 竞技3次 | G3: 报名武林 | H3: 春节祝福：乱斗技10阶前（含）失败4点祝福值。斗灵石-空60斗豆。
B4: 技巧感知 | C4: 灵光一现 | D4: 火3土3 | E4: 劫镖1次 | F4: 战胜4友 | G4: x | H4: 周年祝福：乱斗技12阶前（含）失败4点祝福值。斗灵石-空60斗豆。
B5: 魔能亲和 | C5: x | D5: 木3土3 | E5: 劫镖2次 | F5: 战胜6友 | G5: x | H5: 中秋祝福：乱斗技12阶前（含）失败4点祝福值。斗灵石-空70斗豆。
A7: 空手反制 | B7: 战斗力 | C7: 祝福值 | D7: 单次数量 | E7: 满值材料 | F7: 生命值 | G7: 力量值 | H7: 闪避率 | I7: 暴击减伤 | J7: 效果说明（消耗材料类型-金木水）
A8: 一阶 | B8: 1 | C8: 20 | D8: 1 | E8: =ROUNDUP(C8/$N$1+1,0)*D8 | F8: 6 | G8: x | H8: x | I8: x | J8: 三阶解锁： 出现空手攻击后，3回合内不再出现空手攻击。（无法抵消“使对手使用空手攻击”的效果）
A9: 二阶 | B9: 2 | C9: 40 | D9: 2 | E9: =ROUNDUP(C9/$N$1+1,0)*D9 | F9: 11 | G9: x | H9: x | I9: x
A10: 三阶 | B10: 4 | C10: 80 | D10: 3 | E10: =ROUNDUP(C10/$N$1+1,0)*D10 | F10: 16 | G10: x | H10: x | I10: x
A11: 四阶 | B11: 6 | C11: 130 | D11: 4 | E11: =ROUNDUP(C11/$N$1+1,0)*D11 | F11: 22 | G11: 1 | H11: x | I11: x | J11: 六阶进阶： 出现空手攻击后，4回合内不再出现空手攻击。（无法抵消“使对手使用空手攻击”的效果）
A12: 五阶 | B12: 8 | C12: 200 | D12: 5 | E12: =ROUNDUP(C12/$N$1+1,0)*D12 | F12: 30 | G12: 2 | H12: x | I12: x
A13: 六阶 | B13: 10 | C13: 330 | D13: 6 | E13: =ROUNDUP(C13/$N$1+1,0)*D13 | F13: 39 | G13: 3 | H13: x | I13: x
A14: 七阶 | B14: 13 | C14: 460 | D14: 7 | E14: =ROUNDUP(C14/$N$1+1,0)*D14 | F14: 53 | G14: 4 | H14: 2% | I14: x | J14: 九阶进阶： 出现空手攻击后，5回合内不再出现空手攻击。（无法抵消“使对手使用空手攻击”的效果）
A15: 八阶 | B15: 17.5 | C15: 460 | D15: 8 | E15: =ROUNDUP(C15/$N$1+1,0)*D15 | F15: 70 | G15: 5 | H15: 4% | I15: x
A16: 九阶 | B16: 23 | C16: 600 | D16: 9 | E16: =ROUNDUP(C16/$N$1+1,0)*D16 | F16: 90 | G16: 6 | H16: 7% | I16: x
A17: 十阶 | B17: 33 | C17: 600 | D17: 10 | E17: =ROUNDUP(C17/$N$1+1,0)*D17 | F17: 110 | G17: 7 | H17: 11% | I17: 5% | J17: 十二阶进阶： 出现空手攻击后，6回合内不再出现空手攻击。（无法抵消“使对手使用空手攻击”的效果）
A18: 十一阶 | B18: 42 | C18: 600 | D18: 11 | E18: =@IF(OR($M$1="周年祝福",$M$1="中秋祝福"),ROUNDUP(C18/$N$1+1,0)*D18,ROUNDUP(C18/2+1,0)*D18) | F18: 130 | G18: 8 | H18: 16% | I18: 12%
A19: 十二阶 | B19: 53 | C19: 600 | D19: 12 | E19: =@IF(OR($M$1="周年祝福",$M$1="中秋祝福"),ROUNDUP(C19/$N$1+1,0)*D19,ROUNDUP(C19/2+1,0)*D19) | F19: 155 | G19: 9 | H19: 22% | I19: 19%
A20: 十三阶 | B20: 76 | C20: 600 | D20: 13 | E20: =ROUNDUP(C20/2+1,0)*D20 | F20: 185 | G20: 10 | H20: 29% | I20: 28% | J20: 十五阶进阶： 出现空手攻击后，8回合内不再出现空手攻击。（无法抵消“使对手使用空手攻击”的效果）
A21: 十四阶 | B21: 96 | C21: 600 | D21: 14 | E21: =ROUNDUP(C21/2+1,0)*D21 | F21: 215 | G21: 13 | H21: 37% | I21: 39%
A22: 十五阶 | B22: 120 | C22: x | D22: x | E22: x | F22: 245 | G22: 15 | H22: 45% | I22: 50%
A24: 武器感知 | B24: 战斗力 | C24: 祝福值 | D24: 单次数量 | E24: 满值材料 | F24: 生命值 | G24: 速度值 | H24: 命中率 | I24: 暴击伤害 | J24: 效果说明（消耗材料类型-金水火）
A25: 一阶 | B25: 1 | C25: 20 | D25: 1 | E25: =ROUNDUP(C25/$N$1+1,0)*D25 | F25: 6 | G25: x | H25: x | I25: x | J25: 三阶解锁： 受到武器攻击后，再次受到该类型武器伤害时减伤30%，效果持续3回合。此效果只触发一次
A26: 二阶 | B26: 2 | C26: 40 | D26: 2 | E26: =ROUNDUP(C26/$N$1+1,0)*D26 | F26: 11 | G26: x | H26: x | I26: x
A27: 三阶 | B27: 4 | C27: 80 | D27: 3 | E27: =ROUNDUP(C27/$N$1+1,0)*D27 | F27: 16 | G27: x | H27: x | I27: x
A28: 四阶 | B28: 6 | C28: 130 | D28: 4 | E28: =ROUNDUP(C28/$N$1+1,0)*D28 | F28: 22 | G28: 1 | H28: x | I28: x | J28: 六阶进阶： 受到武器攻击后，再次受到该类型武器伤害时减伤40%，效果持续3回合。此效果只触发一次
A29: 五阶 | B29: 8 | C29: 200 | D29: 5 | E29: =ROUNDUP(C29/$N$1+1,0)*D29 | F29: 30 | G29: 2 | H29: x | I29: x
A30: 六阶 | B30: 10 | C30: 330 | D30: 6 | E30: =ROUNDUP(C30/$N$1+1,0)*D30 | F30: 39 | G30: 3 | H30: x | I30: x
A31: 七阶 | B31: 13 | C31: 460 | D31: 7 | E31: =ROUNDUP(C31/$N$1+1,0)*D31 | F31: 53 | G31: 4 | H31: 2% | I31: x | J31: 九阶进阶： 受到武器攻击后，再次受到该类型武器伤害时减伤50%，效果持续3回合。此效果只触发一次
A32: 八阶 | B32: 17.5 | C32: 460 | D32: 8 | E32: =ROUNDUP(C32/$N$1+1,0)*D32 | F32: 70 | G32: 5 | H32: 4% | I32: x
A33: 九阶 | B33: 23 | C33: 600 | D33: 9 | E33: =ROUNDUP(C33/$N$1+1,0)*D33 | F33: 90 | G33: 6 | H33: 7% | I33: x
A34: 十阶 | B34: 33 | C34: 600 | D34: 10 | E34: =ROUNDUP(C34/$N$1+1,0)*D34 | F34: 110 | G34: 7 | H34: 11% | I34: 5% | J34: 十二阶进阶： 受到武器攻击后，再次受到该类型武器伤害时减伤50%，效果持续3回合。此效果只触发两次
A35: 十一阶 | B35: 42 | C35: 600 | D35: 11 | E35: =@IF(OR($M$1="周年祝福",$M$1="中秋祝福"),ROUNDUP(C35/$N$1+1,0)*D35,ROUNDUP(C35/2+1,0)*D35) | F35: 130 | G35: 8 | H35: 16% | I35: 12%
A36: 十二阶 | B36: 53 | C36: 600 | D36: 12 | E36: =@IF(OR($M$1="周年祝福",$M$1="中秋祝福"),ROUNDUP(C36/$N$1+1,0)*D36,ROUNDUP(C36/2+1,0)*D36) | F36: 155 | G36: 9 | H36: 22% | I36: 19%
A37: 十三阶 | B37: 76 | C37: 600 | D37: 13 | E37: =ROUNDUP(C37/2+1,0)*D37 | F37: 185 | G37: 10 | H37: 29% | I37: 28% | J37: 十五阶进阶： 受到武器攻击后，再次受到该类型武器伤害时减伤60%，效果持续3回合。此效果只触发两次
A38: 十四阶 | B38: 96 | C38: 600 | D38: 14 | E38: =ROUNDUP(C38/2+1,0)*D38 | F38: 215 | G38: 13 | H38: 37% | I38: 39%
A39: 十五阶 | B39: 120 | C39: x | D39: x | E39: x | F39: 245 | G39: 15 | H39: 45% | I39: 50%
A41: 技巧感知 | B41: 战斗力 | C41: 祝福值 | D41: 单次数量 | E41: 满值材料 | F41: 生命值 | G41: 技能增伤 | H41: 门技增伤 | I41: 门武增伤 | J41: 效果说明（消耗材料类型-金火土）
A42: 一阶 | B42: 1 | C42: 20 | D42: 1 | E42: =ROUNDUP(C42/$N$1+1,0)*D42 | F42: 6 | G42: x | H42: x | I42: x | J42: 三阶解锁： 受到主动技能攻击后，再次受到主动技能攻击减伤30%，效果持续3回合。此效果只触发一次
A43: 二阶 | B43: 2 | C43: 40 | D43: 2 | E43: =ROUNDUP(C43/$N$1+1,0)*D43 | F43: 11 | G43: x | H43: x | I43: x
A44: 三阶 | B44: 4 | C44: 80 | D44: 3 | E44: =ROUNDUP(C44/$N$1+1,0)*D44 | F44: 16 | G44: x | H44: x | I44: x
A45: 四阶 | B45: 6 | C45: 130 | D45: 4 | E45: =ROUNDUP(C45/$N$1+1,0)*D45 | F45: 22 | G45: 2% | H45: x | I45: x | J45: 六阶进阶： 受到主动技能攻击后，再次受到主动技能攻击减伤40%，效果持续4回合。此效果只触发一次
A46: 五阶 | B46: 8 | C46: 200 | D46: 5 | E46: =ROUNDUP(C46/$N$1+1,0)*D46 | F46: 30 | G46: 4% | H46: x | I46: x
A47: 六阶 | B47: 10 | C47: 330 | D47: 6 | E47: =ROUNDUP(C47/$N$1+1,0)*D47 | F47: 39 | G47: 6% | H47: x | I47: x
A48: 七阶 | B48: 13 | C48: 460 | D48: 7 | E48: =ROUNDUP(C48/$N$1+1,0)*D48 | F48: 53 | G48: 8% | H48: 3% | I48: x | J48: 九阶进阶： 受到主动技能攻击后，再次受到主动技能攻击减伤50%，效果持续5回合。此效果只触发一次
A49: 八阶 | B49: 17.5 | C49: 460 | D49: 8 | E49: =ROUNDUP(C49/$N$1+1,0)*D49 | F49: 70 | G49: 10% | H49: 6% | I49: x
A50: 九阶 | B50: 23 | C50: 600 | D50: 9 | E50: =ROUNDUP(C50/$N$1+1,0)*D50 | F50: 90 | G50: 12% | H50: 9% | I50: x
A51: 十阶 | B51: 33 | C51: 600 | D51: 10 | E51: =ROUNDUP(C51/$N$1+1,0)*D51 | F51: 110 | G51: 15% | H51: 12% | I51: 3% | J51: 十二阶进阶： 受到主动技能攻击后，再次受到主动技能攻击减伤50%，效果持续6回合。此效果只触发两次
A52: 十一阶 | B52: 42 | C52: 600 | D52: 11 | E52: =@IF(OR($M$1="周年祝福",$M$1="中秋祝福"),ROUNDUP(C52/$N$1+1,0)*D52,ROUNDUP(C52/2+1,0)*D52) | F52: 130 | G52: 18% | H52: 15% | I52: 6%
A53: 十二阶 | B53: 53 | C53: 600 | D53: 12 | E53: =@IF(OR($M$1="周年祝福",$M$1="中秋祝福"),ROUNDUP(C53/$N$1+1,0)*D53,ROUNDUP(C53/2+1,0)*D53) | F53: 155 | G53: 21% | H53: 18% | I53: 9%
A54: 十三阶 | B54: 76 | C54: 600 | D54: 13 | E54: =ROUNDUP(C54/2+1,0)*D54 | F54: 185 | G54: 24% | H54: 22% | I54: 12% | J54: 十五阶进阶： 受到主动技能攻击后，再次受到主动技能攻击减伤60%，效果持续7回合。此效果只触发两次
A55: 十四阶 | B55: 96 | C55: 600 | D55: 14 | E55: =ROUNDUP(C55/2+1,0)*D55 | F55: 215 | G55: 27% | H55: 26% | I55: 16%
A56: 十五阶 | B56: 120 | C56: x | D56: x | E56: x | F56: 245 | G56: 30% | H56: 30% | I56: 20%
A58: 魔能亲和 | B58: 战斗力 | C58: 祝福值 | D58: 单次数量 | E58: 满值材料 | F58: 生命值 | G58: 全部增伤 | H58: 门技减伤 | I58: 门武减伤 | J58: 效果说明（消耗材料类型-金木土）
A59: 一阶 | B59: 1 | C59: 20 | D59: 1 | E59: =ROUNDUP(C59/$N$1+1,0)*D59 | F59: 6 | G59: x | H59: x | I59: x | J59: 三阶解锁： 受到主动技能攻击后，下次自身使用主动技能时造成的伤害提高30%。此效果只触发一次
A60: 二阶 | B60: 2 | C60: 40 | D60: 2 | E60: =ROUNDUP(C60/$N$1+1,0)*D60 | F60: 11 | G60: x | H60: x | I60: x
A61: 三阶 | B61: 4 | C61: 80 | D61: 3 | E61: =ROUNDUP(C61/$N$1+1,0)*D61 | F61: 16 | G61: x | H61: x | I61: x
A62: 四阶 | B62: 6 | C62: 130 | D62: 4 | E62: =ROUNDUP(C62/$N$1+1,0)*D62 | F62: 22 | G62: 1% | H62: x | I62: x | J62: 六阶进阶： 受到主动技能攻击后，下次自身使用主动技能时造成的伤害提高40%。此效果只触发一次
A63: 五阶 | B63: 8 | C63: 200 | D63: 5 | E63: =ROUNDUP(C63/$N$1+1,0)*D63 | F63: 30 | G63: 2% | H63: x | I63: x
A64: 六阶 | B64: 10 | C64: 330 | D64: 6 | E64: =ROUNDUP(C64/$N$1+1,0)*D64 | F64: 39 | G64: 3% | H64: x | I64: x
A65: 七阶 | B65: 13 | C65: 460 | D65: 7 | E65: =ROUNDUP(C65/$N$1+1,0)*D65 | F65: 53 | G65: 4% | H65: 2% | I65: x | J65: 九阶进阶： 受到主动技能攻击后，下次自身使用主动技能时造成的伤害提高50%。此效果只触发一次
A66: 八阶 | B66: 17.5 | C66: 460 | D66: 8 | E66: =ROUNDUP(C66/$N$1+1,0)*D66 | F66: 70 | G66: 5% | H66: 4% | I66: x
A67: 九阶 | B67: 23 | C67: 600 | D67: 9 | E67: =ROUNDUP(C67/$N$1+1,0)*D67 | F67: 90 | G67: 6% | H67: 6% | I67: x
A68: 十阶 | B68: 33 | C68: 600 | D68: 10 | E68: =ROUNDUP(C68/$N$1+1,0)*D68 | F68: 110 | G68: 8% | H68: 8% | I68: 3% | J68: 十二阶进阶： 受到主动技能攻击后，下次自身使用主动技能时造成的伤害提高50%。此效果只触发两次
A69: 十一阶 | B69: 42 | C69: 600 | D69: 11 | E69: =@IF(OR($M$1="周年祝福",$M$1="中秋祝福"),ROUNDUP(C69/$N$1+1,0)*D69,ROUNDUP(C69/2+1,0)*D69) | F69: 130 | G69: 10% | H69: 10% | I69: 6%
A70: 十二阶 | B70: 53 | C70: 600 | D70: 12 | E70: =@IF(OR($M$1="周年祝福",$M$1="中秋祝福"),ROUNDUP(C70/$N$1+1,0)*D70,ROUNDUP(C70/2+1,0)*D70) | F70: 155 | G70: 12% | H70: 12% | I70: 9%
A71: 十三阶 | B71: 76 | C71: 600 | D71: 13 | E71: =ROUNDUP(C71/2+1,0)*D71 | F71: 185 | G71: 14% | H71: 14% | I71: 12% | J71: 十五阶进阶： 受到主动技能攻击后，下次自身使用主动技能时造成的伤害提高60%。此效果只触发两次
A72: 十四阶 | B72: 96 | C72: 600 | D72: 14 | E72: =ROUNDUP(C72/2+1,0)*D72 | F72: 215 | G72: 17% | H72: 17% | I72: 16%
A73: 十五阶 | B73: 120 | C73: x | D73: x | E73: x | F73: 245 | G73: 20% | H73: 20% | I73: 20%
A75: 神兵共鸣 | B75: 战斗力 | C75: 祝福值 | D75: 单次数量 | E75: 满值材料 | F75: 力量值 | G75: 全部增伤 | H75: 门技减伤 | I75: 暴击减伤 | J75: 效果说明（消耗材料类型-金木水）
A76: 一阶 | B76: 1 | C76: 20 | D76: 1 | E76: =ROUNDUP(C76/$N$1+1,0)*D76 | F76: 1 | G76: x | H76: x | I76: x | J76: 三阶解锁： 受到武器攻击后，下次自身使用该类型武器时造成的伤害提高30%。此效果只触发一次
A77: 二阶 | B77: 2 | C77: 40 | D77: 2 | E77: =ROUNDUP(C77/$N$1+1,0)*D77 | F77: 2 | G77: x | H77: x | I77: x
A78: 三阶 | B78: 4 | C78: 80 | D78: 3 | E78: =ROUNDUP(C78/$N$1+1,0)*D78 | F78: 3 | G78: x | H78: x | I78: x
A79: 四阶 | B79: 6 | C79: 130 | D79: 4 | E79: =ROUNDUP(C79/$N$1+1,0)*D79 | F79: 4 | G79: 1% | H79: x | I79: x | J79: 六阶进阶： 受到武器攻击后，下次自身使用该类型武器时造成的伤害提高40%。此效果只触发一次
A80: 五阶 | B80: 8 | C80: 200 | D80: 5 | E80: =ROUNDUP(C80/$N$1+1,0)*D80 | F80: 5 | G80: 2% | H80: x | I80: x
A81: 六阶 | B81: 10 | C81: 330 | D81: 6 | E81: =ROUNDUP(C81/$N$1+1,0)*D81 | F81: 6 | G81: 3% | H81: x | I81: x
A82: 七阶 | B82: 13 | C82: 460 | D82: 7 | E82: =ROUNDUP(C82/$N$1+1,0)*D82 | F82: 7 | G82: 4% | H82: 2% | I82: x | J82: 九阶进阶： 受到武器攻击后，下次自身使用该类型武器时造成的伤害提高50%。此效果只触发一次
A83: 八阶 | B83: 17.5 | C83: 460 | D83: 8 | E83: =ROUNDUP(C83/$N$1+1,0)*D83 | F83: 8 | G83: 5% | H83: 4% | I83: x
A84: 九阶 | B84: 23 | C84: 600 | D84: 9 | E84: =ROUNDUP(C84/$N$1+1,0)*D84 | F84: 9 | G84: 6% | H84: 6% | I84: x
A85: 十阶 | B85: 33 | C85: 600 | D85: 10 | E85: =ROUNDUP(C85/$N$1+1,0)*D85 | F85: 10 | G85: 8% | H85: 8% | I85: 5% | J85: 十二阶进阶： 受到武器攻击后，下次自身使用该类型武器时造成的伤害提高50%。此效果只触发两次
A86: 十一阶 | B86: 42 | C86: 600 | D86: 11 | E86: =@IF(OR($M$1="周年祝福",$M$1="中秋祝福"),ROUNDUP(C86/$N$1+1,0)*D86,ROUNDUP(C86/2+1,0)*D86) | F86: 11 | G86: 10% | H86: 10% | I86: 12%
A87: 十二阶 | B87: 53 | C87: 600 | D87: 12 | E87: =@IF(OR($M$1="周年祝福",$M$1="中秋祝福"),ROUNDUP(C87/$N$1+1,0)*D87,ROUNDUP(C87/2+1,0)*D87) | F87: 12 | G87: 12% | H87: 12% | I87: 19%
A88: 十三阶 | B88: 76 | C88: 600 | D88: 13 | E88: =ROUNDUP(C88/2+1,0)*D88 | F88: 13 | G88: 14% | H88: 14% | I88: 28% | J88: 十五阶进阶： 受到武器攻击后，下次自身使用该类型武器时造成的伤害提高60%。此效果只触发两次
A89: 十四阶 | B89: 96 | C89: 600 | D89: 14 | E89: =ROUNDUP(C89/2+1,0)*D89 | F89: 14 | G89: 17% | H89: 17% | I89: 39%
A90: 十五阶 | B90: 120 | C90: x | D90: x | E90: x | F90: 15 | G90: 20% | H90: 20% | I90: 50%
A92: 灵光一现 | B92: 战斗力 | C92: 祝福值 | D92: 单次数量 | E92: 满值材料 | F92: 速度值 | G92: 技能增伤 | H92: 门技增伤 | I92: 暴击伤害 | J92: 效果说明（消耗材料类型-金火土）
A93: 一阶 | B93: 1 | C93: 20 | D93: 1 | E93: =ROUNDUP(C93/$N$1+1,0)*D93 | F93: 1 | G93: x | H93: x | I93: x | J93: 三阶解锁： 开局第一次主动技能必中且造成的伤害提高40%
A94: 二阶 | B94: 2 | C94: 40 | D94: 2 | E94: =ROUNDUP(C94/$N$1+1,0)*D94 | F94: 2 | G94: x | H94: x | I94: x
A95: 三阶 | B95: 4 | C95: 80 | D95: 3 | E95: =ROUNDUP(C95/$N$1+1,0)*D95 | F95: 3 | G95: x | H95: x | I95: x
A96: 四阶 | B96: 6 | C96: 130 | D96: 4 | E96: =ROUNDUP(C96/$N$1+1,0)*D96 | F96: 4 | G96: 2% | H96: x | I96: x | J96: 六阶进阶： 开局前两次主动技能必中且造成的伤害提高40%
A97: 五阶 | B97: 8 | C97: 200 | D97: 5 | E97: =ROUNDUP(C97/$N$1+1,0)*D97 | F97: 5 | G97: 4% | H97: x | I97: x
A98: 六阶 | B98: 10 | C98: 330 | D98: 6 | E98: =ROUNDUP(C98/$N$1+1,0)*D98 | F98: 6 | G98: 6% | H98: x | I98: x
A99: 七阶 | B99: 13 | C99: 460 | D99: 7 | E99: =ROUNDUP(C99/$N$1+1,0)*D99 | F99: 7 | G99: 8% | H99: 3% | I99: x | J99: 九阶进阶： 开局前两次主动技能必中且造成的伤害提高50%
A100: 八阶 | B100: 17.5 | C100: 460 | D100: 8 | E100: =ROUNDUP(C100/$N$1+1,0)*D100 | F100: 8 | G100: 10% | H100: 6% | I100: x
A101: 九阶 | B101: 23 | C101: 600 | D101: 9 | E101: =ROUNDUP(C101/$N$1+1,0)*D101 | F101: 9 | G101: 12% | H101: 9% | I101: x
A102: 十阶 | B102: 33 | C102: 600 | D102: 10 | E102: =ROUNDUP(C102/$N$1+1,0)*D102 | F102: 10 | G102: 15% | H102: 12% | I102: 5% | J102: 十二阶进阶： 开局前三次主动技能必中且造成的伤害提高50%
A103: 十一阶 | B103: 42 | C103: 600 | D103: 11 | E103: =@IF(OR($M$1="周年祝福",$M$1="中秋祝福"),ROUNDUP(C103/$N$1+1,0)*D103,ROUNDUP(C103/2+1,0)*D103) | F103: 11 | G103: 18% | H103: 15% | I103: 12%
A104: 十二阶 | B104: 53 | C104: 600 | D104: 12 | E104: =@IF(OR($M$1="周年祝福",$M$1="中秋祝福"),ROUNDUP(C104/$N$1+1,0)*D104,ROUNDUP(C104/2+1,0)*D104) | F104: 12 | G104: 21% | H104: 18% | I104: 19%
A105: 十三阶 | B105: 76 | C105: 600 | D105: 13 | E105: =ROUNDUP(C105/2+1,0)*D105 | F105: 13 | G105: 24% | H105: 22% | I105: 28% | J105: 十五阶进阶： 开局前三次主动技能必中且造成的伤害提高60%
A106: 十四阶 | B106: 96 | C106: 600 | D106: 14 | E106: =ROUNDUP(C106/2+1,0)*D106 | F106: 14 | G106: 27% | H106: 26% | I106: 39%
...

Sheet 飞升化境
A1: 飞升化境 | B1: 名称 | F1: 祝福详情：进度模式，永久有效，暂无活动。
A2: 化境符 玄铁令 | B2: 化境斗技 | C2: 清虚斗技 通天教义 | D2: 凌虚斗技 九幽秘传 | E2: 冲虚斗技 破界转轮 | F2: 基础祝福：固定2点进度值。化境符200斗豆。玄铁令200斗豆/斗币。
F3: 春节祝福：固定2点进度值。化境符200斗豆。玄铁令200斗豆/斗币。
B4: 飞升大战 | C4: 境界奖励 | D4: 排行奖励 | E4: 作战奖励 | F4: 周年祝福：固定2点进度值。化境符200斗豆。玄铁令200斗豆/斗币。
F5: 中秋祝福：固定2点进度值。化境符200斗豆。玄铁令200斗豆/斗币。
A7: 通天教义 | B7: 战斗力 | C7: 进度值 | D7: 单次材料 | E7: 满值材料 | F7: 效果说明（消耗化境符* 37激活）
A8: 一阶 | B8: 2 | C8: 20 | D8: 1 | E8: =ROUNDUP((C8/2),0)*D8 | F8: 生命低于50%时触发，提高 10 %韧性， 3 %武器伤害，持续2回合。
A9: 二阶 | B9: 4 | C9: 40 | D9: 2 | E9: =ROUNDUP((C9/2),0)*D9 | F9: 生命低于52%时触发，提高 15 %韧性， 5 %武器伤害，持续2回合。
A10: 三阶 | B10: 6 | C10: 100 | D10: 2 | E10: =ROUNDUP((C10/2),0)*D10 | F10: 生命低于55%时触发，提高 20 %韧性，10%武器伤害，持续2回合。
A11: 四阶 | B11: 8 | C11: 400 | D11: 3 | E11: =ROUNDUP((C11/2),0)*D11 | F11: 生命低于60%时触发，提高 30 %韧性，15%武器伤害，持续3回合。
A12: 五阶 | B12: 10 | C12: 1000 | D12: 4 | E12: =ROUNDUP((C12/2),0)*D12 | F12: 生命低于65%时触发，提高 40 %韧性，25%武器伤害，持续3回合。
A13: 六阶 | B13: 13 | C13: 1600 | D13: 4 | E13: =ROUNDUP((C13/2),0)*D13 | F13: 生命低于70%时触发，提高 50 %韧性，35%武器伤害，持续3回合。
A14: 七阶 | B14: 16 | C14: 1800 | D14: 5 | E14: =ROUNDUP((C14/2),0)*D14 | F14: 生命低于75%时触发，提高 60 %韧性，45%武器伤害，持续3回合。
A15: 八阶 | B15: 20 | C15: 1800 | D15: 6 | E15: =ROUNDUP((C15/2),0)*D15 | F15: 生命低于80%时触发，提高 70 %韧性，55%武器伤害，持续4回合。
A16: 九阶 | B16: 25 | C16: 2000 | D16: 8 | E16: =ROUNDUP((C16/2),0)*D16 | F16: 生命低于85%时触发，提高 90 %韧性，60%武器伤害，持续4回合。
A17: 十阶 | B17: 30 | C17: x | D17: x | E17: x | F17: 生命低于95%时触发，提高100%韧性，70%武器伤害，持续4回合。
A19: 九幽秘传 | B19: 战斗力 | C19: 进度值 | D19: 单次材料 | E19: 满值材料 | F19: 效果说明（消耗化境符*135激活）
A20: 一阶 | B20: 2 | C20: 30 | D20: 1 | E20: =ROUNDUP((C20/2),0)*D20 | F20: 开局 50 %概率触发，提高技能穿透 3 %，敏捷 5 %，真实伤害 8 %，持续5回合。
A21: 二阶 | B21: 4 | C21: 50 | D21: 2 | E21: =ROUNDUP((C21/2),0)*D21 | F21: 开局 55 %概率触发，提高技能穿透 5 %，敏捷10%，真实伤害10%，持续5回合。
A22: 三阶 | B22: 6 | C22: 200 | D22: 2 | E22: =ROUNDUP((C22/2),0)*D22 | F22: 开局 60 %概率触发，提高技能穿透 8 %，敏捷15%，真实伤害12%，持续5回合。
A23: 四阶 | B23: 8 | C23: 600 | D23: 3 | E23: =ROUNDUP((C23/2),0)*D23 | F23: 开局 65 %概率触发，提高技能穿透11%，敏捷20%，真实伤害14%，持续5回合。
A24: 五阶 | B24: 10 | C24: 1200 | D24: 4 | E24: =ROUNDUP((C24/2),0)*D24 | F24: 开局 70 %概率触发，提高技能穿透15%，敏捷30%，真实伤害18%，持续5回合。
A25: 六阶 | B25: 13 | C25: 1600 | D25: 4 | E25: =ROUNDUP((C25/2),0)*D25 | F25: 开局 75 %概率触发，提高技能穿透19%，敏捷40%，真实伤害22%，持续5回合。
A26: 七阶 | B26: 16 | C26: 1800 | D26: 5 | E26: =ROUNDUP((C26/2),0)*D26 | F26: 开局 85 %概率触发，提高技能穿透23%，敏捷50%，真实伤害26%，持续5回合。
A27: 八阶 | B27: 20 | C27: 2000 | D27: 6 | E27: =ROUNDUP((C27/2),0)*D27 | F27: 开局 95 %概率触发，提高技能穿透27%，敏捷60%，真实伤害32%，持续5回合。
A28: 九阶 | B28: 25 | C28: 2000 | D28: 8 | E28: =ROUNDUP((C28/2),0)*D28 | F28: 开局100%概率触发，提高技能穿透31%，敏捷70%，真实伤害40%，持续5回合。
A29: 十阶 | B29: 30 | C29: x | D29: x | E29: x | F29: 开局100%概率触发，提高技能穿透36%，敏捷80%，真实伤害50%，持续5回合。
A31: 破界转轮 | B31: 战斗力 | C31: 进度值 | D31: 单次材料 | E31: 满值材料 | F31: 效果说明（消耗化境符*333激活）
A32: 一阶 | B32: 2 | C32: 30 | D32: 1 | E32: =ROUNDUP((C32/2),0)*D32 | F32: 第10回合 50 %触发，解除自身所受武器控制效果，并无视后续武器附带控制2回合。 附赠属性：武器韧性+ 5 %，技能抗穿透+ 5 %。
A34: 二阶 | B34: 4 | C34: 50 | D34: 2 | E34: =ROUNDUP((C34/2),0)*D34 | F34: 第10回合 55 %触发，解除自身所受武器控制效果，并无视后续武器附带控制2回合。 附赠属性：武器韧性+ 8 %，技能抗穿透+ 8 %。
A36: 三阶 | B36: 6 | C36: 200 | D36: 2 | E36: =ROUNDUP((C36/2),0)*D36 | F36: 第10回合 60 %触发，解除自身所受武器控制效果，并无视后续武器附带控制2回合。 附赠属性：武器韧性+11%，技能抗穿透+11%。
A38: 四阶 | B38: 8 | C38: 600 | D38: 3 | E38: =ROUNDUP((C38/2),0)*D38 | F38: 第10回合 65 %触发，解除自身所受武器控制效果，并无视后续武器附带控制2回合。 附赠属性：武器韧性+15%，技能抗穿透+15%。
A40: 五阶 | B40: 10 | C40: 1200 | D40: 4 | E40: =ROUNDUP((C40/2),0)*D40 | F40: 第10回合 70 %触发，解除自身所受武器控制效果，并无视后续武器附带控制2回合。 附赠属性：武器韧性+19%，技能抗穿透+19%。
A42: 六阶 | B42: 13 | C42: 1600 | D42: 4 | E42: =ROUNDUP((C42/2),0)*D42 | F42: 第10回合 75 %触发，解除自身所受武器控制效果，并无视后续武器附带控制3回合。 附赠属性：武器韧性+23%，技能抗穿透+23%。
A44: 七阶 | B44: 16 | C44: 1800 | D44: 5 | E44: =ROUNDUP((C44/2),0)*D44 | F44: 第10回合 85 %触发，解除自身所受武器控制效果，并无视后续武器附带控制3回合。 附赠属性：武器韧性+27%，技能抗穿透+27%。
A46: 八阶 | B46: 20 | C46: 2000 | D46: 6 | E46: =ROUNDUP((C46/2),0)*D46 | F46: 第10回合 95 %触发，解除自身所受武器控制效果，并无视后续武器附带控制3回合。 附赠属性：武器韧性+32%，技能抗穿透+32%。
A48: 九阶 | B48: 25 | C48: 2000 | D48: 8 | E48: =ROUNDUP((C48/2),0)*D48 | F48: 第10回合100%触发，解除自身所受武器控制效果，并无视后续武器附带控制3回合。 附赠属性：武器韧性+37%，技能抗穿透+37%。
A50: 十阶 | B50: 30 | C50: x | D50: x | E50: x | F50: 第10回合100%触发，解除自身所受武器控制效果，并无视后续武器附带控制3回合。 附赠属性：武器韧性+42%，技能抗穿透+42%。
A53: 境界等级 | B53: 境界门槛 | C53: 奖励积分 | D53: 奖励传功 | E53: 结算排名 | F53: 化境符 | G53: 限时称号 | H53: 作战模式 | I53: 奖励 | J53: 击杀晋级 | K53: 轮空晋级 | L53: 阵亡止步 | M53: 飞升成功
A54: 玉虚修士 | B54: 50 | C54: 300 | D54: 300 | E54: 前500名 | F54: 33 | G54: 5天 | H54: 匹配 | I54: 积分 | J54: +9 | K54: +5 | L54: +5 | M54: 未知
A55: 净虚修士 | B55: 200 | C55: 500 | D55: 500 | E55: 前200名 | F55: 66 | G55: 5天 | H55: 单排 | I55: 积分 | J55: +16 | K55: +12 | L55: +12 | M55: 未知
A56: 清虚真君 | B56: 500 | C56: 800 | D56: 800 | E56: 前100名 | F56: 88 | G56: 5天 | I56: 境界 | J56: +18 | K56: +9 | L56: -4 | M56: 未知
A57: 凌虚真君 | B57: 1000 | C57: 1200 | D57: 1200 | E57: 前50名 | F57: 128 | G57: 15天 | H57: 双排 | I57: 积分 | J57: +11 | K57: +10 | L57: +14 | M57: 未知
A58: 冲虚上仙 | B58: 1666 | C58: 1500 | D58: 1500 | E58: 前X名 | F58: 188 | G58: 30天 | I58: 境界 | J58: +12 | K58: +11 | L58: +1 | M58: 未知
A59: 太虚上仙 | B59: 2400 | C59: 2000 | D59: 1800 | E59: 前Y名 | F59: 288 | G59: 60天 | H59: 单排前5轮额外奖励4/4/6/4/2境界值。飞升成功额外奖励暂未得出规律。
A60: 伏天帝尊 | B60: 6000 | C60: 2888 | D60: 2066 | E60: 第1名 | F60: 388 | G60: 90天 | H60: 境界奖励和排名奖励中的乐斗一哥/一姐变身卡奖励在此按惯例均省略。
A61: 封天圣尊 | B61: 10000 | C61: 2888 | D61: 2066 | E61: 限时称号六界尊者：力/敏/速20，生命50，武器穿透5%，武器韧性5%
A62: 九界之主 | B62: 18888 | C62: 2888 | D62: 2066 | E62: X/Y：每赛季不固定，一般按6000/10000分为线取最后1名

Sheet 仙武修真
A1: 仙武修真 | B1: 名称 | G1: 祝福详情：祝福模式4级起清，活动期间依然会24小时清。 | M1: =首页索引!$M$1 | N1: =@IF(M1="中秋祝福",3,IF(M1="周年祝福",3,IF(M1="春节祝福",3,2)))
A2: 史诗残片 传说残片 神话残片 | B2: 金蛇剑 | C2: 孔雀翎 | D2: 碧海萧 | E2: 犹绝长枪 | F2: 应龙铠甲 | G2: 常规祝福：史诗6级/传说 9 级/神话12级前（含）失败3点祝福值。材料200斗豆。
B3: 宣花宝镜 | C3: 诛仙离火刃 | D3: 夷图红莲甲 | E3: 山河社稷图 | F3: 乐斗炫玉灯 | G3: 春节祝福：史诗6级/传说 8 级/神话10级前（含）失败3点祝福值。材料200斗豆。
B4: 番天印 | C4: 混元金斗 | D4: 十二品莲台 | E4: 定海珠 | F4: 伏羲古琴 | G4: 周年祝福：史诗6级/传说 9 级/神话12级前（含）失败3点祝福值。材料200斗豆。
B5: 昆仑镜 | C5: 昊天塔 | D5: 玲珑棋 | E5: 大禹九鼎 | F5: x | G5: 中秋祝福：史诗6级/传说 9 级/神话12级前（含）失败3点祝福值。材料200斗豆。
A7: 名称 | B7: 强化 | C7: 战斗力 | D7: 祝福值 | E7: 单次材料 | F7: 满值史诗 | G7: 力量值 | H7: 投掷附伤 | I7: 小型附伤 | J7: 中型附伤 | K7: 大型附伤 | L7: 武器增伤 | M7: x
A8: 史诗法宝 金蛇剑 | B8: 0 | C8: 2 | D8: 6 | E8: 1 | F8: =ROUNDUP(D8/$N$1+1,0)*E8 | G8: 4 | H8: 5 | I8: 5 | J8: x | K8: x | L8: x | M8: x
B9: 1 | C9: 4 | D9: 10 | E9: 2 | F9: =ROUNDUP(D9/$N$1+1,0)*E9 | G9: 5 | H9: 6 | I9: 6 | J9: 6 | K9: x | L9: x | M9: x
B10: 2 | C10: 8 | D10: 26 | E10: 3 | F10: =ROUNDUP(D10/$N$1+1,0)*E10 | G10: 6 | H10: 8 | I10: 8 | J10: 8 | K10: 8 | L10: x | M10: x
B11: 3 | C11: 14 | D11: 50 | E11: 4 | F11: =ROUNDUP(D11/$N$1+1,0)*E11 | G11: 8 | H11: 11 | I11: 11 | J11: 11 | K11: 11 | L11: x | M11: x
B12: 4 | C12: 20 | D12: 100 | E12: 4 | F12: =ROUNDUP(D12/$N$1+1,0)*E12 | G12: 11 | H12: 15 | I12: 15 | J12: 15 | K12: 15 | L12: 1% | M12: x
B13: 5 | C13: 28 | D13: 320 | E13: 5 | F13: =ROUNDUP(D13/$N$1+1,0)*E13 | G13: 15 | H13: 20 | I13: 20 | J13: 20 | K13: 20 | L13: 3% | M13: x
B14: 6 | C14: 36 | D14: 400 | E14: 6 | F14: =ROUNDUP(D14/$N$1+1,0)*E14 | G14: 20 | H14: 26 | I14: 26 | J14: 26 | K14: 26 | L14: 5% | M14: x
B15: 7 | C15: 44 | D15: 666 | E15: 7 | F15: =ROUNDUP(D15/2+1,0)*E15 | G15: 26 | H15: 33 | I15: 33 | J15: 33 | K15: 33 | L15: 8% | M15: x
B16: 8 | C16: 52 | D16: 1800 | E16: 8 | F16: =ROUNDUP(D16/2+1,0)*E16 | G16: 33 | H16: 41 | I16: 41 | J16: 41 | K16: 41 | L16: 12% | M16: x
B17: 9 | C17: 60 | D17: x | E17: x | F17: x | G17: 41 | H17: 50 | I17: 50 | J17: 50 | K17: 50 | L17: 16% | M17: x
A19: 名称 | B19: 强化 | C19: 战斗力 | D19: 祝福值 | E19: 单次材料 | F19: 满值史诗 | G19: 生命值 | H19: 投掷附减 | I19: 小型附减 | J19: 中型附减 | K19: 大型附减 | L19: 武器减伤 | M19: x
A20: 史诗法宝 孔雀翎 | B20: 0 | C20: 2 | D20: 6 | E20: 1 | F20: =ROUNDUP(D20/$N$1+1,0)*E20 | G20: 10 | H20: 5 | I20: 5 | J20: x | K20: x | L20: x | M20: x
B21: 1 | C21: 4 | D21: 10 | E21: 2 | F21: =ROUNDUP(D21/$N$1+1,0)*E21 | G21: 16 | H21: 6 | I21: 6 | J21: 6 | K21: x | L21: x | M21: x
B22: 2 | C22: 8 | D22: 26 | E22: 3 | F22: =ROUNDUP(D22/$N$1+1,0)*E22 | G22: 23 | H22: 8 | I22: 8 | J22: 8 | K22: 8 | L22: x | M22: x
B23: 3 | C23: 14 | D23: 50 | E23: 4 | F23: =ROUNDUP(D23/$N$1+1,0)*E23 | G23: 31 | H23: 11 | I23: 11 | J23: 11 | K23: 11 | L23: x | M23: x
B24: 4 | C24: 20 | D24: 100 | E24: 4 | F24: =ROUNDUP(D24/$N$1+1,0)*E24 | G24: 40 | H24: 15 | I24: 15 | J24: 15 | K24: 15 | L24: 1% | M24: x
B25: 5 | C25: 28 | D25: 320 | E25: 5 | F25: =ROUNDUP(D25/$N$1+1,0)*E25 | G25: 50 | H25: 20 | I25: 20 | J25: 20 | K25: 20 | L25: 3% | M25: x
B26: 6 | C26: 36 | D26: 400 | E26: 6 | F26: =ROUNDUP(D26/$N$1+1,0)*E26 | G26: 61 | H26: 26 | I26: 26 | J26: 26 | K26: 26 | L26: 5% | M26: x
B27: 7 | C27: 44 | D27: 666 | E27: 7 | F27: =ROUNDUP(D27/2+1,0)*E27 | G27: 73 | H27: 33 | I27: 33 | J27: 33 | K27: 33 | L27: 8% | M27: x
B28: 8 | C28: 52 | D28: 1800 | E28: 8 | F28: =ROUNDUP(D28/2+1,0)*E28 | G28: 86 | H28: 41 | I28: 41 | J28: 41 | K28: 41 | L28: 12% | M28: x
B29: 9 | C29: 60 | D29: x | E29: x | F29: x | G29: 101 | H29: 50 | I29: 50 | J29: 50 | K29: 50 | L29: 16% | M29: x
A31: 名称 | B31: 强化 | C31: 战斗力 | D31: 祝福值 | E31: 单次材料 | F31: 满值史诗 | G31: 敏捷值 | H31: 治疗效果 | I31: 技空附伤 | J31: 技空附减 | K31: 技空增伤 | L31: 技空减伤 | M31: x
A32: 史诗法宝 碧海萧 | B32: 0 | C32: 2 | D32: 6 | E32: 1 | F32: =ROUNDUP(D32/$N$1+1,0)*E32 | G32: 4 | H32: 2% | I32: 5 | J32: 5 | K32: x | L32: x | M32: x
B33: 1 | C33: 4 | D33: 10 | E33: 2 | F33: =ROUNDUP(D33/$N$1+1,0)*E33 | G33: 5 | H33: 4% | I33: 6 | J33: 6 | K33: x | L33: x | M33: x
B34: 2 | C34: 8 | D34: 26 | E34: 3 | F34: =ROUNDUP(D34/$N$1+1,0)*E34 | G34: 6 | H34: 6% | I34: 8 | J34: 8 | K34: x | L34: x | M34: x
B35: 3 | C35: 14 | D35: 50 | E35: 4 | F35: =ROUNDUP(D35/$N$1+1,0)*E35 | G35: 8 | H35: 9% | I35: 11 | J35: 11 | K35: x | L35: x | M35: x
B36: 4 | C36: 20 | D36: 100 | E36: 4 | F36: =ROUNDUP(D36/$N$1+1,0)*E36 | G36: 11 | H36: 13% | I36: 15 | J36: 15 | K36: 1% | L36: 1% | M36: x
B37: 5 | C37: 28 | D37: 320 | E37: 5 | F37: =ROUNDUP(D37/$N$1+1,0)*E37 | G37: 15 | H37: 17% | I37: 20 | J37: 20 | K37: 2% | L37: 2% | M37: x
B38: 6 | C38: 36 | D38: 400 | E38: 6 | F38: =ROUNDUP(D38/$N$1+1,0)*E38 | G38: 20 | H38: 23% | I38: 26 | J38: 26 | K38: 4% | L38: 4% | M38: x
B39: 7 | C39: 44 | D39: 666 | E39: 7 | F39: =ROUNDUP(D39/2+1,0)*E39 | G39: 26 | H39: 28% | I39: 33 | J39: 33 | K39: 6% | L39: 6% | M39: x
B40: 8 | C40: 52 | D40: 1800 | E40: 8 | F40: =ROUNDUP(D40/2+1,0)*E40 | G40: 33 | H40: 34% | I40: 41 | J40: 41 | K40: 8% | L40: 8% | M40: x
B41: 9 | C41: 60 | D41: x | E41: x | F41: x | G41: 41 | H41: 40% | I41: 50 | J41: 50 | K41: 10% | L41: 10% | M41: x
A43: 名称 | B43: 强化 | C43: 战斗力 | D43: 祝福值 | E43: 单次材料 | F43: 满值传说 | G43: 武器暴击 | H43: 武器暴伤 | I43: 大型命中 | J43: 投掷命中 | K43: 中型命中 | L43: 小型命中 | M43: x
A44: 传说法宝 犹绝长枪 | B44: 0 | C44: 2 | D44: 6 | E44: 1 | F44: =ROUNDUP(D44/$N$1+1,0)*E44 | G44: 1% | H44: 2% | I44: 2% | J44: 2% | K44: x | L44: x | M44: x
B45: 1 | C45: 4 | D45: 10 | E45: 2 | F45: =ROUNDUP(D45/$N$1+1,0)*E45 | G45: 2% | H45: 4% | I45: 4% | J45: 4% | K45: x | L45: x | M45: x
B46: 2 | C46: 8 | D46: 26 | E46: 3 | F46: =ROUNDUP(D46/$N$1+1,0)*E46 | G46: 4% | H46: 6% | I46: 6% | J46: 6% | K46: x | L46: x | M46: x
B47: 3 | C47: 14 | D47: 50 | E47: 4 | F47: =ROUNDUP(D47/$N$1+1,0)*E47 | G47: 6% | H47: 9% | I47: 9% | J47: 9% | K47: x | L47: x | M47: x
B48: 4 | C48: 20 | D48: 100 | E48: 4 | F48: =ROUNDUP(D48/$N$1+1,0)*E48 | G48: 9% | H48: 13% | I48: 13% | J48: 13% | K48: 13% | L48: 13% | M48: x
B49: 5 | C49: 28 | D49: 320 | E49: 5 | F49: =ROUNDUP(D49/$N$1+1,0)*E49 | G49: 13% | H49: 18% | I49: 18% | J49: 18% | K49: 18% | L49: 18% | M49: x
B50: 6 | C50: 36 | D50: 400 | E50: 6 | F50: =ROUNDUP(D50/$N$1+1,0)*E50 | G50: 18% | H50: 23% | I50: 23% | J50: 23% | K50: 23% | L50: 23% | M50: x
B51: 7 | C51: 44 | D51: 666 | E51: 7 | F51: =ROUNDUP(D51/$N$1+1,0)*E51 | G51: 23% | H51: 28% | I51: 28% | J51: 28% | K51: 28% | L51: 28% | M51: x
B52: 8 | C52: 52 | D52: 1800 | E52: 8 | F52: =ROUNDUP(D52/$N$1+1,0)*E52 | G52: 28% | H52: 33% | I52: 33% | J52: 33% | K52: 33% | L52: 33% | M52: x
B53: 9 | C53: 60 | D53: 2000 | E53: 9 | F53: =@IF(OR($M$1="基础祝福",$M$1="春节祝福"),ROUNDUP(D53/2+1,0)*E53,ROUNDUP(D53/$N$1+1,0)*E53) | G53: 33% | H53: 38% | I53: 38% | J53: 38% | K53: 38% | L53: 38% | M53: x
B54: 10 | C54: 66 | D54: 2000 | E54: 10 | F54: =ROUNDUP(D54/2+1,0)*E54 | G54: 38% | H54: 44% | I54: 44% | J54: 44% | K54: 44% | L54: 44% | M54: x
B55: 11 | C55: 72 | D55: 2000 | E55: 10 | F55: =ROUNDUP(D55/2+1,0)*E55 | G55: 44% | H55: 50% | I55: 50% | J55: 50% | K55: 50% | L55: 50% | M55: x
B56: 12 | C56: 80 | D56: x | E56: x | F56: x | G56: 50% | H56: 58% | I56: 58% | J56: 58% | K56: 58% | L56: 58% | M56: x
A58: 名称 | B58: 强化 | C58: 战斗力 | D58: 祝福值 | E58: 单次材料 | F58: 满值传说 | G58: 武器抗暴 | H58: 武器暴减 | I58: 中型闪避 | J58: 小型闪避 | K58: 大型闪避 | L58: 投掷闪避 | M58: x
A59: 传说法宝 应龙铠甲 | B59: 0 | C59: 2 | D59: 6 | E59: 1 | F59: =ROUNDUP(D59/$N$1+1,0)*E59 | G59: 1% | H59: 2% | I59: 2% | J59: 2% | K59: x | L59: x | M59: x
B60: 1 | C60: 4 | D60: 10 | E60: 2 | F60: =ROUNDUP(D60/$N$1+1,0)*E60 | G60: 2% | H60: 4% | I60: 4% | J60: 4% | K60: x | L60: x | M60: x
B61: 2 | C61: 8 | D61: 26 | E61: 3 | F61: =ROUNDUP(D61/$N$1+1,0)*E61 | G61: 4% | H61: 6% | I61: 6% | J61: 6% | K61: x | L61: x | M61: x
B62: 3 | C62: 14 | D62: 50 | E62: 4 | F62: =ROUNDUP(D62/$N$1+1,0)*E62 | G62: 6% | H62: 9% | I62: 9% | J62: 9% | K62: x | L62: x | M62: x
B63: 4 | C63: 20 | D63: 100 | E63: 4 | F63: =ROUNDUP(D63/$N$1+1,0)*E63 | G63: 9% | H63: 13% | I63: 13% | J63: 13% | K63: 13% | L63: 13% | M63: x
B64: 5 | C64: 28 | D64: 320 | E64: 5 | F64: =ROUNDUP(D64/$N$1+1,0)*E64 | G64: 13% | H64: 18% | I64: 18% | J64: 18% | K64: 18% | L64: 18% | M64: x
B65: 6 | C65: 36 | D65: 400 | E65: 6 | F65: =ROUNDUP(D65/$N$1+1,0)*E65 | G65: 18% | H65: 23% | I65: 23% | J65: 23% | K65: 23% | L65: 23% | M65: x
B66: 7 | C66: 44 | D66: 666 | E66: 7 | F66: =ROUNDUP(D66/$N$1+1,0)*E66 | G66: 23% | H66: 28% | I66: 28% | J66: 28% | K66: 28% | L66: 28% | M66: x
B67: 8 | C67: 52 | D67: 1800 | E67: 8 | F67: =ROUNDUP(D67/$N$1+1,0)*E67 | G67: 28% | H67: 33% | I67: 33% | J67: 33% | K67: 33% | L67: 33% | M67: x
B68: 9 | C68: 60 | D68: 2000 | E68: 9 | F68: =@IF(OR($M$1="基础祝福",$M$1="春节祝福"),ROUNDUP(D68/2+1,0)*E68,ROUNDUP(D68/$N$1+1,0)*E68) | G68: 33% | H68: 38% | I68: 38% | J68: 38% | K68: 38% | L68: 38% | M68: x
B69: 10 | C69: 66 | D69: 2000 | E69: 10 | F69: =ROUNDUP(D69/2+1,0)*E69 | G69: 38% | H69: 44% | I69: 44% | J69: 44% | K69: 44% | L69: 44% | M69: x
B70: 11 | C70: 72 | D70: 2000 | E70: 10 | F70: =ROUNDUP(D70/2+1,0)*E70 | G70: 44% | H70: 50% | I70: 50% | J70: 50% | K70: 50% | L70: 50% | M70: x
B71: 12 | C71: 80 | D71: x | E71: x | F71: x | G71: 50% | H71: 58% | I71: 58% | J71: 58% | K71: 58% | L71: 58% | M71: x
A73: 名称 | B73: 强化 | C73: 战斗力 | D73: 祝福值 | E73: 单次材料 | F73: 满值传说 | G73: 技能暴击 | H73: 技能暴伤 | I73: 技空命中 | J73: 技空闪避 | K73: 技吸血率 | L73: 技能抗暴 | M73: x
A74: 传说法宝 宣花宝镜 | B74: 0 | C74: 2 | D74: 6 | E74: 1 | F74: =ROUNDUP(D74/$N$1+1,0)*E74 | G74: 1% | H74: 2% | I74: 2% | J74: 2% | K74: x | L74: x | M74: x
B75: 1 | C75: 4 | D75: 10 | E75: 2 | F75: =ROUNDUP(D75/$N$1+1,0)*E75 | G75: 2% | H75: 4% | I75: 4% | J75: 4% | K75: x | L75: x | M75: x
B76: 2 | C76: 8 | D76: 26 | E76: 3 | F76: =ROUNDUP(D76/$N$1+1,0)*E76 | G76: 4% | H76: 6% | I76: 6% | J76: 6% | K76: x | L76: x | M76: x
B77: 3 | C77: 14 | D77: 50 | E77: 4 | F77: =ROUNDUP(D77/$N$1+1,0)*E77 | G77: 6% | H77: 9% | I77: 9% | J77: 9% | K77: x | L77: x | M77: x
B78: 4 | C78: 20 | D78: 100 | E78: 4 | F78: =ROUNDUP(D78/$N$1+1,0)*E78 | G78: 9% | H78: 13% | I78: 13% | J78: 13% | K78: 9% | L78: 10% | M78: x
B79: 5 | C79: 28 | D79: 320 | E79: 5 | F79: =ROUNDUP(D79/$N$1+1,0)*E79 | G79: 13% | H79: 18% | I79: 18% | J79: 18% | K79: 12% | L79: 13% | M79: x
B80: 6 | C80: 36 | D80: 400 | E80: 6 | F80: =ROUNDUP(D80/$N$1+1,0)*E80 | G80: 18% | H80: 23% | I80: 23% | J80: 23% | K80: 14% | L80: 18% | M80: x
B81: 7 | C81: 44 | D81: 666 | E81: 7 | F81: =ROUNDUP(D81/$N$1+1,0)*E81 | G81: 23% | H81: 28% | I81: 28% | J81: 28% | K81: 16% | L81: 23% | M81: x
B82: 8 | C82: 52 | D82: 1800 | E82: 8 | F82: =ROUNDUP(D82/$N$1+1,0)*E82 | G82: 28% | H82: 33% | I82: 33% | J82: 33% | K82: 18% | L82: 28% | M82: x
B83: 9 | C83: 60 | D83: 2000 | E83: 9 | F83: =@IF(OR($M$1="基础祝福",$M$1="春节祝福"),ROUNDUP(D83/2+1,0)*E83,ROUNDUP(D83/$N$1+1,0)*E83) | G83: 33% | H83: 38% | I83: 38% | J83: 38% | K83: 20% | L83: 33% | M83: x
B84: 10 | C84: 66 | D84: 2000 | E84: 10 | F84: =ROUNDUP(D84/2+1,0)*E84 | G84: 38% | H84: 44% | I84: 44% | J84: 44% | K84: 23% | L84: 38% | M84: x
B85: 11 | C85: 72 | D85: 2000 | E85: 10 | F85: =ROUNDUP(D85/2+1,0)*E85 | G85: 44% | H85: 50% | I85: 50% | J85: 50% | K85: 26% | L85: 44% | M85: x
B86: 12 | C86: 80 | D86: x | E86: x | F86: x | G86: 50% | H86: 58% | I86: 58% | J86: 58% | K86: 30% | L86: 50% | M86: x
A88: 名称 | B88: 强化 | C88: 战斗力 | D88: 祝福值 | E88: 单次材料 | F88: 满值神话 | G88: 力量值 | H88: 固定伤害 | I88: 大型韧性 | J88: 投掷韧性 | K88: 中型韧性 | L88: 小型韧性 | M88: 武器穿透
A89: 神话法宝 诛仙离火刃 | B89: 0 | C89: 2 | D89: 6 | E89: 1 | F89: =ROUNDUP(D89/$N$1+1,0)*E89 | G89: 2 | H89: 4 | I89: 1% | J89: 1% | K89: x | L89: x | M89: x
B90: 1 | C90: 4 | D90: 10 | E90: 2 | F90: =ROUNDUP(D90/$N$1+1,0)*E90 | G90: 4 | H90: 8 | I90: 2% | J90: 2% | K90: x | L90: x | M90: x
B91: 2 | C91: 8 | D91: 26 | E91: 3 | F91: =ROUNDUP(D91/$N$1+1,0)*E91 | G91: 6 | H91: 12 | I91: 3% | J91: 3% | K91: x | L91: x | M91: x
B92: 3 | C92: 14 | D92: 50 | E92: 4 | F92: =ROUNDUP(D92/$N$1+1,0)*E92 | G92: 8 | H92: 16 | I92: 5% | J92: 5% | K92: x | L92: x | M92: x
B93: 4 | C93: 20 | D93: 100 | E93: 4 | F93: =ROUNDUP(D93/$N$1+1,0)*E93 | G93: 10 | H93: 21 | I93: 8% | J93: 8% | K93: 8% | L93: 8% | M93: 1%
B94: 5 | C94: 28 | D94: 320 | E94: 5 | F94: =ROUNDUP(D94/$N$1+1,0)*E94 | G94: 12 | H94: 26 | I94: 12% | J94: 12% | K94: 12% | L94: 12% | M94: 3%
B95: 6 | C95: 36 | D95: 400 | E95: 6 | F95: =ROUNDUP(D95/$N$1+1,0)*E95 | G95: 14 | H95: 31 | I95: 15% | J95: 15% | K95: 15% | L95: 15% | M95: 5%
B96: 7 | C96: 44 | D96: 666 | E96: 7 | F96: =ROUNDUP(D96/$N$1+1,0)*E96 | G96: 16 | H96: 36 | I96: 18% | J96: 18% | K96: 18% | L96: 18% | M96: 7%
B97: 8 | C97: 52 | D97: 1800 | E97: 8 | F97: =ROUNDUP(D97/$N$1+1,0)*E97 | G97: 18 | H97: 42 | I97: 21% | J97: 21% | K97: 21% | L97: 21% | M97: 9%
B98: 9 | C98: 60 | D98: 2000 | E98: 9 | F98: =ROUNDUP(D98/$N$1+1,0)*E98 | G98: 20 | H98: 48 | I98: 24% | J98: 24% | K98: 24% | L98: 24% | M98: 11%
B99: 10 | C99: 66 | D99: 2000 | E99: 10 | F99: =ROUNDUP(D99/$N$1+1,0)*E99 | G99: 22 | H99: 54 | I99: 27% | J99: 27% | K99: 27% | L99: 27% | M99: 13%
B100: 11 | C100: 72 | D100: 2000 | E100: 10 | F100: =@IF(OR($M$1="基础祝福",$M$1="春节祝福"),ROUNDUP(D100/2+1,0)*E100,ROUNDUP(D100/$N$1+1,0)*E100) | G100: 24 | H100: 60 | I100: 30% | J100: 30% | K100: 30% | L100: 30% | M100: 15%
B101: 12 | C101: 80 | D101: 2088 | E101: 11 | F101: =@IF(OR($M$1="基础祝福",$M$1="春节祝福"),ROUNDUP(D101/2+1,0)*E101,ROUNDUP(D101/$N$1+1,0)*E101) | G101: 26 | H101: 68 | I101: 34% | J101: 34% | K101: 34% | L101: 34% | M101: 17%
B102: 13 | C102: 86 | D102: 2088 | E102: 12 | F102: =ROUNDUP(D102/2+1,0)*E102 | G102: 28 | H102: 76 | I102: 38% | J102: 38% | K102: 38% | L102: 38% | M102: 19%
B103: 14 | C103: 92 | D103: 2088 | E103: 12 | F103: =ROUNDUP(D103/2+1,0)*E103 | G103: 30 | H103: 85 | I103: 42% | J103: 42% | K103: 42% | L103: 42% | M103: 21%
B104: 15 | C104: 100 | D104: x | E104: x | F104: x | G104: 35 | H104: 100 | I104: 48% | J104: 48% | K104: 48% | L104: 48% | M104: 25%
A106: 名称 | B106: 强化 | C106: 战斗力 | D106: 祝福值 | E106: 单次材料 | F106: 满值神话 | G106: 敏捷值 | H106: 固定减伤 | I106: 中型抗韧 | J106: 小型抗韧 | K106: 投掷抗韧 | L106: 大型抗韧 | M106: 武器抗穿
A107: 神话法宝 夷图红莲甲 | B107: 0 | C107: 2 | D107: 6 | E107: 1 | F107: =ROUNDUP(D107/$N$1+1,0)*E107 | G107: 2 | H107: 4 | I107: 1% | J107: 1% | K107: x | L107: x | M107: x
B108: 1 | C108: 4 | D108: 10 | E108: 2 | F108: =ROUNDUP(D108/$N$1+1,0)*E108 | G108: 4 | H108: 8 | I108: 2% | J108: 2% | K108: x | L108: x | M108: x
...

Sheet 名册宝鉴
A1: 名册宝鉴 | B1: 名称 | H1: 祝福详情：群侠名册进度模式，永久有效。风月宝鉴强化模式。暂无活动。
A2: 太玄经 鉴宝真炎 | B2: 古往今来 | C2: 天涯浪迹 | D2: 恩怨休怀 | E2: 华山五绝 | F2: 大唐盛世 | G2: 缘起性空 | H2: 基础祝福：名册固定2点进度值。太玄经200斗豆/斗币。鉴宝真炎1鹅币。
B3: 梦回襄阳 | C3: 四冠枭雄 | D3: 情根深种 | E3: 倚天屠龙 | F3: 我自纵情 | G3: 巾帼须眉 | H3: 春节祝福：名册固定2点进度值。太玄经200斗豆/斗币。鉴宝真炎1鹅币。
B4: 老当益壮 | C4: 家国情深 | D4: 威震八方 | E4: 风云再起 | F4: 侠客神行 | G4: 玄门正宗 | H4: 周年祝福：名册固定2点进度值。太玄经200斗豆/斗币。鉴宝真炎1鹅币。
B5: 素心涤世 | C5: 亦正亦邪 | D5: 江湖路远 | E5: 侠骨柔情 | F5: 风月宝鉴 | G5: 侠客行 | H5: 中秋祝福：名册固定2点进度值。太玄经200斗豆/斗币。鉴宝真炎1鹅币。
A7: 群侠名册 | B7: 属性 | C7: 战斗力 | D7: 进度值 | E7: 单次材料 | F7: 满值材料 | G7: 满值斗豆 | H7: 大型闪避 | I7: 大型抗暴 | J7: 大型抗穿 | K7: 大型减伤 | L7: 大型暴减 | M7: 固定伤害
A8: 古往今来 2星柒承 2星断亦 2星老鹅 2星芝麻官 侠士≥10级 | B8: 0级 | C8: 1 | D8: 8 | E8: 1 | F8: =D8*E8/2 | G8: =F8*200 | H8: 1% | I8: 1% | J8: 1% | K8: 1% | L8: 1% | M8: 1
B9: 1级 | C9: 2 | D9: 18 | E9: 1 | F9: =D9*E9/2 | G9: =F9*200 | H9: 2% | I9: 2% | J9: 2% | K9: 2% | L9: 2% | M9: 2
B10: 2级 | C10: 4 | D10: 32 | E10: 2 | F10: =D10*E10/2 | G10: =F10*200 | H10: 3% | I10: 3% | J10: 3% | K10: 3% | L10: 3% | M10: 4
B11: 3级 | C11: 6 | D11: 66 | E11: 2 | F11: =D11*E11/2 | G11: =F11*200 | H11: 4% | I11: 4% | J11: 4% | K11: 4% | L11: 4% | M11: 6
B12: 4级 | C12: 8 | D12: 72 | E12: 3 | F12: =D12*E12/2 | G12: =F12*200 | H12: 5% | I12: 5% | J12: 5% | K12: 5% | L12: 5% | M12: 8
B13: 5级 | C13: 10 | D13: 88 | E13: 4 | F13: =D13*E13/2 | G13: =F13*200 | H13: 7% | I13: 7% | J13: 7% | K13: 7% | L13: 7% | M13: 10
B14: 6级 | C14: 12 | D14: 128 | E14: 4 | F14: =D14*E14/2 | G14: =F14*200 | H14: 9% | I14: 9% | J14: 9% | K14: 9% | L14: 9% | M14: 12
B15: 7级 | C15: 15 | D15: 168 | E15: 5 | F15: =D15*E15/2 | G15: =F15*200 | H15: 11% | I15: 11% | J15: 11% | K15: 11% | L15: 11% | M15: 14
B16: 8级 | C16: 18 | D16: 198 | E16: 6 | F16: =D16*E16/2 | G16: =F16*200 | H16: 13% | I16: 13% | J16: 13% | K16: 13% | L16: 13% | M16: 16
B17: 9级 | C17: 21 | D17: 248 | E17: 6 | F17: =D17*E17/2 | G17: =F17*200 | H17: 15% | I17: 15% | J17: 15% | K17: 15% | L17: 15% | M17: 18
B18: 10级 | C18: 24 | D18: 300 | E18: 8 | F18: =D18*E18/2 | G18: =F18*200 | H18: 17% | I18: 17% | J18: 17% | K18: 17% | L18: 17% | M18: 21
B19: 11级 | C19: 27 | D19: 320 | E19: 8 | F19: =D19*E19/2 | G19: =F19*200 | H19: 19% | I19: 19% | J19: 19% | K19: 19% | L19: 19% | M19: 25
B20: 12级 | C20: 30 | D20: 360 | E20: 8 | F20: =D20*E20/2 | G20: =F20*200 | H20: 21% | I20: 21% | J20: 21% | K20: 21% | L20: 21% | M20: 29
... B25: 17级 | C25: 45 | D25: 442 | E25: 12 | F25: =D25*E25/2 | G25: =F25*200 | H25: 34% | I25: 34% | J25: 34% | K25: 34% | L25: 31% | M25: 49
B26: 18级 | C26: 48 | D26: x | E26: x | F26: x | G26: x | H26: 37% | I26: 37% | J26: 37% | K26: 37% | L26: 33% | M26: 54
A28: 群侠名册 | B28: 属性 | C28: 战斗力 | D28: 进度值 | E28: 单次材料 | F28: 满值材料 | G28: 满值斗豆 | H28: 大型命中 | I28: 大型暴击 | J28: 大型穿透 | K28: 大型增伤 | L28: 大型暴伤 | M28: 固定减伤
A29: 天涯浪迹 2星燕青 2星李师师 侠士≥10级 | B29: 0级 | C29: 1 | D29: 8 | E29: 1 | F29: =D29*E29/2 | G29: =F29*200 | H29: 1% | I29: 1% | J29: 1% | K29: 1% | L29: 1% | M29: 1
B30: 1级 | C30: 2 | D30: 18 | E30: 1 | F30: =D30*E30/2 | G30: =F30*200 | H30: 2% | I30: 2% | J30: 2% | K30: 2% | L30: 2% | M30: 2
B31: 2级 | C31: 4 | D31: 32 | E31: 2 | F31: =D31*E31/2 | G31: =F31*200 | H31: 3% | I31: 3% | J31: 3% | K31: 3% | L31: 3% | M31: 4
B32: 3级 | C32: 6 | D32: 66 | E32: 2 | F32: =D32*E32/2 | G32: =F32*200 | H32: 4% | I32: 4% | J32: 4% | K32: 4% | L32: 4% | M32: 6
B33: 4级 | C33: 8 | D33: 72 | E33: 3 | F33: =D33*E33/2 | G33: =F33*200 | H33: 5% | I33: 5% | J33: 5% | K33: 5% | L33: 5% | M33: 8
B34: 5级 | C34: 10 | D34: 88 | E34: 4 | F34: =D34*E34/2 | G34: =F34*200 | H34: 7% | I34: 7% | J34: 7% | K34: 7% | L34: 7% | M34: 10
